[20-May-2026 13:55:48 Europe/Berlin] PHP Warning:  mysqli::__construct(): (HY000/1049): Unknown database 'uxmerchandise' in C:\xampp\htdocs\UX_Shop_New\includes\config.php on line 59
[20-May-2026 18:41:21 Europe/Berlin] PHP Warning:  mysqli::__construct(): (HY000/2002): No connection could be made because the target machine actively refused it in C:\xampp\htdocs\UX_Shop_New\includes\config.php on line 59
[20-May-2026 20:54:20 Europe/Berlin] LOGIN SUCCESSFUL - Session set for user_id=0 email=parthivvala4501a@gmail.com
[20-May-2026 20:54:20 Europe/Berlin] Redirect value from form: empty
[20-May-2026 20:54:33 Europe/Berlin] LOGIN SUCCESSFUL - Session set for user_id=0 email=parthivvala4501a@gmail.com
[20-May-2026 20:54:33 Europe/Berlin] Redirect value from form: empty
[20-May-2026 20:56:09 Europe/Berlin] LOGIN SUCCESSFUL - Session set for user_id=0 email=parthivvala4501a@gmail.com
[20-May-2026 20:56:09 Europe/Berlin] Redirect value from form: empty
[22-May-2026 04:45:02 Europe/Berlin] Password reset link for jj@gmail.com: http://127.0.0.1:8088/reset-password.php?token=a5914e3cc68a3d8dfb3082bd314bd1fef7e93badc5b0ec494ddf4fb5519bdee7&email=jj%40gmail.com
[22-May-2026 07:40:37 Europe/Berlin] PHP Warning:  Undefined array key "badge_text" in C:\xampp\htdocs\UX_Shop_New\bundles.php on line 93
[22-May-2026 07:40:37 Europe/Berlin] PHP Warning:  Undefined array key "badge_text" in C:\xampp\htdocs\UX_Shop_New\bundles.php on line 258
[22-May-2026 07:40:37 Europe/Berlin] PHP Warning:  Undefined array key "badge_text" in C:\xampp\htdocs\UX_Shop_New\bundles.php on line 258
[22-May-2026 07:40:37 Europe/Berlin] PHP Warning:  Undefined array key "badge_text" in C:\xampp\htdocs\UX_Shop_New\bundles.php on line 258
[22-May-2026 07:40:37 Europe/Berlin] PHP Warning:  Undefined array key "badge_text" in C:\xampp\htdocs\UX_Shop_New\bundles.php on line 258
[22-May-2026 07:40:37 Europe/Berlin] PHP Warning:  Undefined array key "badge_text" in C:\xampp\htdocs\UX_Shop_New\bundles.php on line 258
[22-May-2026 11:43:52 Europe/Berlin] PHP Warning:  Undefined array key "badge_text" in C:\xampp\htdocs\Shop\UX_SHOP\UX_Shop_New\bundles.php on line 93
[22-May-2026 11:43:52 Europe/Berlin] PHP Warning:  Undefined array key "badge_text" in C:\xampp\htdocs\Shop\UX_SHOP\UX_Shop_New\bundles.php on line 258
[22-May-2026 11:43:52 Europe/Berlin] PHP Warning:  Undefined array key "badge_text" in C:\xampp\htdocs\Shop\UX_SHOP\UX_Shop_New\bundles.php on line 258
[22-May-2026 11:43:52 Europe/Berlin] PHP Warning:  Undefined array key "badge_text" in C:\xampp\htdocs\Shop\UX_SHOP\UX_Shop_New\bundles.php on line 258
[22-May-2026 11:43:52 Europe/Berlin] PHP Warning:  Undefined array key "badge_text" in C:\xampp\htdocs\Shop\UX_SHOP\UX_Shop_New\bundles.php on line 258
[22-May-2026 11:43:52 Europe/Berlin] PHP Warning:  Undefined array key "badge_text" in C:\xampp\htdocs\Shop\UX_SHOP\UX_Shop_New\bundles.php on line 258
[22-May-2026 12:00:45 Europe/Berlin] PHP Warning:  Undefined array key "badge_text" in C:\xampp\htdocs\Shop\UX_SHOP\UX_Shop_New\bundles.php on line 93
[22-May-2026 17:58:50 Europe/Berlin] PHP Warning:  mysqli::__construct(): (HY000/2002): A socket operation was attempted to an unreachable host in C:\xampp\htdocs\Shop\UX_SHOP\UX_Shop_New\includes\config.php on line 59
[22-May-2026 17:58:52 Europe/Berlin] PHP Warning:  mysqli::__construct(): (HY000/2002): A socket operation was attempted to an unreachable host in C:\xampp\htdocs\Shop\UX_SHOP\UX_Shop_New\includes\config.php on line 59
[23-May-2026 10:33:35 Europe/Berlin] PHP Warning:  Undefined array key "badge_text" in C:\xampp\htdocs\Shop\UX_SHOP\UX_Shop_New\bundles.php on line 93
[23-May-2026 10:33:35 Europe/Berlin] PHP Warning:  Undefined array key "badge_text" in C:\xampp\htdocs\Shop\UX_SHOP\UX_Shop_New\bundles.php on line 258
[23-May-2026 10:33:35 Europe/Berlin] PHP Warning:  Undefined array key "badge_text" in C:\xampp\htdocs\Shop\UX_SHOP\UX_Shop_New\bundles.php on line 258
[23-May-2026 10:33:35 Europe/Berlin] PHP Warning:  Undefined array key "badge_text" in C:\xampp\htdocs\Shop\UX_SHOP\UX_Shop_New\bundles.php on line 258
[23-May-2026 10:33:35 Europe/Berlin] PHP Warning:  Undefined array key "badge_text" in C:\xampp\htdocs\Shop\UX_SHOP\UX_Shop_New\bundles.php on line 258
[23-May-2026 10:33:35 Europe/Berlin] PHP Warning:  Undefined array key "badge_text" in C:\xampp\htdocs\Shop\UX_SHOP\UX_Shop_New\bundles.php on line 258
[23-May-2026 10:33:50 Europe/Berlin] PHP Warning:  Undefined array key "badge_text" in C:\xampp\htdocs\Shop\UX_SHOP\UX_Shop_New\bundles.php on line 93
[23-May-2026 10:33:50 Europe/Berlin] PHP Warning:  Undefined array key "badge_text" in C:\xampp\htdocs\Shop\UX_SHOP\UX_Shop_New\bundles.php on line 258
[23-May-2026 10:33:50 Europe/Berlin] PHP Warning:  Undefined array key "badge_text" in C:\xampp\htdocs\Shop\UX_SHOP\UX_Shop_New\bundles.php on line 258
[23-May-2026 10:33:50 Europe/Berlin] PHP Warning:  Undefined array key "badge_text" in C:\xampp\htdocs\Shop\UX_SHOP\UX_Shop_New\bundles.php on line 258
[23-May-2026 10:33:50 Europe/Berlin] PHP Warning:  Undefined array key "badge_text" in C:\xampp\htdocs\Shop\UX_SHOP\UX_Shop_New\bundles.php on line 258
[23-May-2026 10:33:50 Europe/Berlin] PHP Warning:  Undefined array key "badge_text" in C:\xampp\htdocs\Shop\UX_SHOP\UX_Shop_New\bundles.php on line 258
[25-May-2026 13:56:26 Europe/Berlin] PHP Warning:  Undefined array key "badge_text" in C:\xampp\htdocs\Shop\UX_SHOP\UX_Shop_New\bundles.php on line 93
[25-May-2026 13:56:27 Europe/Berlin] PHP Warning:  Undefined array key "badge_text" in C:\xampp\htdocs\Shop\UX_SHOP\UX_Shop_New\bundles.php on line 258
[25-May-2026 13:56:27 Europe/Berlin] PHP Warning:  Undefined array key "badge_text" in C:\xampp\htdocs\Shop\UX_SHOP\UX_Shop_New\bundles.php on line 258
[25-May-2026 13:56:27 Europe/Berlin] PHP Warning:  Undefined array key "badge_text" in C:\xampp\htdocs\Shop\UX_SHOP\UX_Shop_New\bundles.php on line 258
[25-May-2026 13:56:27 Europe/Berlin] PHP Warning:  Undefined array key "badge_text" in C:\xampp\htdocs\Shop\UX_SHOP\UX_Shop_New\bundles.php on line 258
[25-May-2026 13:56:27 Europe/Berlin] PHP Warning:  Undefined array key "badge_text" in C:\xampp\htdocs\Shop\UX_SHOP\UX_Shop_New\bundles.php on line 258
[26-May-2026 10:39:40 Europe/Berlin] PHP Warning:  Undefined array key "badge_text" in C:\xampp\htdocs\Shop\UX_SHOP\UX_Shop_New\bundles.php on line 93
[26-May-2026 10:39:40 Europe/Berlin] PHP Warning:  Undefined array key "badge_text" in C:\xampp\htdocs\Shop\UX_SHOP\UX_Shop_New\bundles.php on line 258
[26-May-2026 10:39:40 Europe/Berlin] PHP Warning:  Undefined array key "badge_text" in C:\xampp\htdocs\Shop\UX_SHOP\UX_Shop_New\bundles.php on line 258
[26-May-2026 10:39:40 Europe/Berlin] PHP Warning:  Undefined array key "badge_text" in C:\xampp\htdocs\Shop\UX_SHOP\UX_Shop_New\bundles.php on line 258
[26-May-2026 10:39:40 Europe/Berlin] PHP Warning:  Undefined array key "badge_text" in C:\xampp\htdocs\Shop\UX_SHOP\UX_Shop_New\bundles.php on line 258
[26-May-2026 10:39:40 Europe/Berlin] PHP Warning:  Undefined array key "badge_text" in C:\xampp\htdocs\Shop\UX_SHOP\UX_Shop_New\bundles.php on line 258
[26-May-2026 12:25:50 Europe/Berlin] PHP Warning:  Undefined array key "badge_text" in C:\xampp\htdocs\Shop\UX_SHOP\UX_Shop_New\bundles.php on line 93
[26-May-2026 12:25:50 Europe/Berlin] PHP Warning:  Undefined array key "badge_text" in C:\xampp\htdocs\Shop\UX_SHOP\UX_Shop_New\bundles.php on line 258
[26-May-2026 12:25:50 Europe/Berlin] PHP Warning:  Undefined array key "badge_text" in C:\xampp\htdocs\Shop\UX_SHOP\UX_Shop_New\bundles.php on line 258
[26-May-2026 12:25:50 Europe/Berlin] PHP Warning:  Undefined array key "badge_text" in C:\xampp\htdocs\Shop\UX_SHOP\UX_Shop_New\bundles.php on line 258
[26-May-2026 12:25:50 Europe/Berlin] PHP Warning:  Undefined array key "badge_text" in C:\xampp\htdocs\Shop\UX_SHOP\UX_Shop_New\bundles.php on line 258
[26-May-2026 12:25:50 Europe/Berlin] PHP Warning:  Undefined array key "badge_text" in C:\xampp\htdocs\Shop\UX_SHOP\UX_Shop_New\bundles.php on line 258
[26-May-2026 13:06:06 Europe/Berlin] PHP Warning:  Undefined array key "badge_text" in C:\xampp\htdocs\Shop\UX_SHOP\UX_Shop_New\bundles.php on line 81
[26-May-2026 13:06:06 Europe/Berlin] PHP Warning:  Undefined array key "badge_text" in C:\xampp\htdocs\Shop\UX_SHOP\UX_Shop_New\bundles.php on line 246
[26-May-2026 13:06:06 Europe/Berlin] PHP Warning:  Undefined array key "badge_text" in C:\xampp\htdocs\Shop\UX_SHOP\UX_Shop_New\bundles.php on line 246
[26-May-2026 13:06:06 Europe/Berlin] PHP Warning:  Undefined array key "badge_text" in C:\xampp\htdocs\Shop\UX_SHOP\UX_Shop_New\bundles.php on line 246
[26-May-2026 13:06:06 Europe/Berlin] PHP Warning:  Undefined array key "badge_text" in C:\xampp\htdocs\Shop\UX_SHOP\UX_Shop_New\bundles.php on line 246
[26-May-2026 13:06:06 Europe/Berlin] PHP Warning:  Undefined array key "badge_text" in C:\xampp\htdocs\Shop\UX_SHOP\UX_Shop_New\bundles.php on line 246
[26-May-2026 13:06:22 Europe/Berlin] PHP Warning:  Undefined array key "badge_text" in C:\xampp\htdocs\Shop\UX_SHOP\UX_Shop_New\bundles.php on line 81
[26-May-2026 13:06:22 Europe/Berlin] PHP Warning:  Undefined array key "badge_text" in C:\xampp\htdocs\Shop\UX_SHOP\UX_Shop_New\bundles.php on line 246
[26-May-2026 13:06:22 Europe/Berlin] PHP Warning:  Undefined array key "badge_text" in C:\xampp\htdocs\Shop\UX_SHOP\UX_Shop_New\bundles.php on line 246
[26-May-2026 13:06:22 Europe/Berlin] PHP Warning:  Undefined array key "badge_text" in C:\xampp\htdocs\Shop\UX_SHOP\UX_Shop_New\bundles.php on line 246
[26-May-2026 13:06:22 Europe/Berlin] PHP Warning:  Undefined array key "badge_text" in C:\xampp\htdocs\Shop\UX_SHOP\UX_Shop_New\bundles.php on line 246
[26-May-2026 13:06:22 Europe/Berlin] PHP Warning:  Undefined array key "badge_text" in C:\xampp\htdocs\Shop\UX_SHOP\UX_Shop_New\bundles.php on line 246
[26-May-2026 13:11:58 Europe/Berlin] PHP Warning:  Undefined array key "badge_text" in C:\xampp\htdocs\Shop\UX_SHOP\UX_Shop_New\bundles.php on line 81
[26-May-2026 13:11:58 Europe/Berlin] PHP Warning:  Undefined array key "badge_text" in C:\xampp\htdocs\Shop\UX_SHOP\UX_Shop_New\bundles.php on line 246
[26-May-2026 13:11:58 Europe/Berlin] PHP Warning:  Undefined array key "badge_text" in C:\xampp\htdocs\Shop\UX_SHOP\UX_Shop_New\bundles.php on line 246
[26-May-2026 13:11:58 Europe/Berlin] PHP Warning:  Undefined array key "badge_text" in C:\xampp\htdocs\Shop\UX_SHOP\UX_Shop_New\bundles.php on line 246
[26-May-2026 13:11:58 Europe/Berlin] PHP Warning:  Undefined array key "badge_text" in C:\xampp\htdocs\Shop\UX_SHOP\UX_Shop_New\bundles.php on line 246
[26-May-2026 13:11:58 Europe/Berlin] PHP Warning:  Undefined array key "badge_text" in C:\xampp\htdocs\Shop\UX_SHOP\UX_Shop_New\bundles.php on line 246
[26-May-2026 13:15:37 Europe/Berlin] PHP Warning:  Undefined array key "badge_text" in C:\xampp\htdocs\Shop\UX_SHOP\UX_Shop_New\bundles.php on line 81
[26-May-2026 13:15:37 Europe/Berlin] PHP Warning:  Undefined array key "badge_text" in C:\xampp\htdocs\Shop\UX_SHOP\UX_Shop_New\bundles.php on line 246
[26-May-2026 13:15:37 Europe/Berlin] PHP Warning:  Undefined array key "badge_text" in C:\xampp\htdocs\Shop\UX_SHOP\UX_Shop_New\bundles.php on line 246
[26-May-2026 13:15:37 Europe/Berlin] PHP Warning:  Undefined array key "badge_text" in C:\xampp\htdocs\Shop\UX_SHOP\UX_Shop_New\bundles.php on line 246
[26-May-2026 13:15:37 Europe/Berlin] PHP Warning:  Undefined array key "badge_text" in C:\xampp\htdocs\Shop\UX_SHOP\UX_Shop_New\bundles.php on line 246
[26-May-2026 13:15:37 Europe/Berlin] PHP Warning:  Undefined array key "badge_text" in C:\xampp\htdocs\Shop\UX_SHOP\UX_Shop_New\bundles.php on line 246
[26-May-2026 13:48:49 Europe/Berlin] PHP Warning:  Undefined array key "badge_text" in C:\xampp\htdocs\Shop\UX_SHOP\UX_Shop_New\bundles.php on line 81
[26-May-2026 13:48:50 Europe/Berlin] PHP Warning:  Undefined array key "badge_text" in C:\xampp\htdocs\Shop\UX_SHOP\UX_Shop_New\bundles.php on line 246
[26-May-2026 13:48:50 Europe/Berlin] PHP Warning:  Undefined array key "badge_text" in C:\xampp\htdocs\Shop\UX_SHOP\UX_Shop_New\bundles.php on line 246
[26-May-2026 13:48:50 Europe/Berlin] PHP Warning:  Undefined array key "badge_text" in C:\xampp\htdocs\Shop\UX_SHOP\UX_Shop_New\bundles.php on line 246
[26-May-2026 13:48:50 Europe/Berlin] PHP Warning:  Undefined array key "badge_text" in C:\xampp\htdocs\Shop\UX_SHOP\UX_Shop_New\bundles.php on line 246
[26-May-2026 13:48:50 Europe/Berlin] PHP Warning:  Undefined array key "badge_text" in C:\xampp\htdocs\Shop\UX_SHOP\UX_Shop_New\bundles.php on line 246
[26-May-2026 14:16:24 Europe/Berlin] PHP Warning:  Undefined array key "badge_text" in C:\xampp\htdocs\Shop\UX_SHOP\UX_Shop_New\bundles.php on line 81
[26-May-2026 14:16:24 Europe/Berlin] PHP Warning:  Undefined array key "badge_text" in C:\xampp\htdocs\Shop\UX_SHOP\UX_Shop_New\bundles.php on line 246
[26-May-2026 14:16:24 Europe/Berlin] PHP Warning:  Undefined array key "badge_text" in C:\xampp\htdocs\Shop\UX_SHOP\UX_Shop_New\bundles.php on line 246
[26-May-2026 14:16:24 Europe/Berlin] PHP Warning:  Undefined array key "badge_text" in C:\xampp\htdocs\Shop\UX_SHOP\UX_Shop_New\bundles.php on line 246
[26-May-2026 14:16:24 Europe/Berlin] PHP Warning:  Undefined array key "badge_text" in C:\xampp\htdocs\Shop\UX_SHOP\UX_Shop_New\bundles.php on line 246
[26-May-2026 14:16:24 Europe/Berlin] PHP Warning:  Undefined array key "badge_text" in C:\xampp\htdocs\Shop\UX_SHOP\UX_Shop_New\bundles.php on line 246
[27-May-2026 07:18:36 Europe/Berlin] PHP Warning:  Undefined array key "badge_text" in C:\xampp\htdocs\Shop\UX_SHOP\UX_Shop_New\bundles.php on line 81
[27-May-2026 07:18:36 Europe/Berlin] PHP Warning:  Undefined array key "badge_text" in C:\xampp\htdocs\Shop\UX_SHOP\UX_Shop_New\bundles.php on line 246
[27-May-2026 07:18:36 Europe/Berlin] PHP Warning:  Undefined array key "badge_text" in C:\xampp\htdocs\Shop\UX_SHOP\UX_Shop_New\bundles.php on line 246
[27-May-2026 07:18:36 Europe/Berlin] PHP Warning:  Undefined array key "badge_text" in C:\xampp\htdocs\Shop\UX_SHOP\UX_Shop_New\bundles.php on line 246
[27-May-2026 07:18:36 Europe/Berlin] PHP Warning:  Undefined array key "badge_text" in C:\xampp\htdocs\Shop\UX_SHOP\UX_Shop_New\bundles.php on line 246
[27-May-2026 07:18:36 Europe/Berlin] PHP Warning:  Undefined array key "badge_text" in C:\xampp\htdocs\Shop\UX_SHOP\UX_Shop_New\bundles.php on line 246
[27-May-2026 07:19:08 Europe/Berlin] PHP Warning:  Undefined array key "badge_text" in C:\xampp\htdocs\Shop\UX_SHOP\UX_Shop_New\bundles.php on line 81
[27-May-2026 07:19:08 Europe/Berlin] PHP Warning:  Undefined array key "badge_text" in C:\xampp\htdocs\Shop\UX_SHOP\UX_Shop_New\bundles.php on line 246
[27-May-2026 07:19:08 Europe/Berlin] PHP Warning:  Undefined array key "badge_text" in C:\xampp\htdocs\Shop\UX_SHOP\UX_Shop_New\bundles.php on line 246
[27-May-2026 07:19:08 Europe/Berlin] PHP Warning:  Undefined array key "badge_text" in C:\xampp\htdocs\Shop\UX_SHOP\UX_Shop_New\bundles.php on line 246
[27-May-2026 07:19:08 Europe/Berlin] PHP Warning:  Undefined array key "badge_text" in C:\xampp\htdocs\Shop\UX_SHOP\UX_Shop_New\bundles.php on line 246
[27-May-2026 07:19:08 Europe/Berlin] PHP Warning:  Undefined array key "badge_text" in C:\xampp\htdocs\Shop\UX_SHOP\UX_Shop_New\bundles.php on line 246
[27-May-2026 08:09:13 Europe/Berlin] PHP Warning:  Undefined array key "badge_text" in C:\xampp\htdocs\Shop\UX_SHOP\UX_Shop_New\bundles.php on line 81
[27-May-2026 08:09:13 Europe/Berlin] PHP Warning:  Undefined array key "badge_text" in C:\xampp\htdocs\Shop\UX_SHOP\UX_Shop_New\bundles.php on line 246
[27-May-2026 08:09:13 Europe/Berlin] PHP Warning:  Undefined array key "badge_text" in C:\xampp\htdocs\Shop\UX_SHOP\UX_Shop_New\bundles.php on line 246
[27-May-2026 08:09:13 Europe/Berlin] PHP Warning:  Undefined array key "badge_text" in C:\xampp\htdocs\Shop\UX_SHOP\UX_Shop_New\bundles.php on line 246
[27-May-2026 08:09:13 Europe/Berlin] PHP Warning:  Undefined array key "badge_text" in C:\xampp\htdocs\Shop\UX_SHOP\UX_Shop_New\bundles.php on line 246
[27-May-2026 08:09:13 Europe/Berlin] PHP Warning:  Undefined array key "badge_text" in C:\xampp\htdocs\Shop\UX_SHOP\UX_Shop_New\bundles.php on line 246
[27-May-2026 08:26:10 Europe/Berlin] PHP Warning:  require_once(C:\xampp\htdocs\Shop\UX_SHOP\UX_Shop_New/includes/functions.php): Failed to open stream: No such file or directory in C:\xampp\htdocs\Shop\UX_SHOP\UX_Shop_New\bundles.php on line 3
[27-May-2026 08:26:10 Europe/Berlin] PHP Fatal error:  Uncaught Error: Failed opening required 'C:\xampp\htdocs\Shop\UX_SHOP\UX_Shop_New/includes/functions.php' (include_path='C:\xampp\php\PEAR') in C:\xampp\htdocs\Shop\UX_SHOP\UX_Shop_New\bundles.php:3
Stack trace:
#0 {main}
  thrown in C:\xampp\htdocs\Shop\UX_SHOP\UX_Shop_New\bundles.php on line 3
[27-May-2026 08:26:13 Europe/Berlin] PHP Warning:  require_once(C:\xampp\htdocs\Shop\UX_SHOP\UX_Shop_New/includes/functions.php): Failed to open stream: No such file or directory in C:\xampp\htdocs\Shop\UX_SHOP\UX_Shop_New\bundles.php on line 3
[27-May-2026 08:26:13 Europe/Berlin] PHP Fatal error:  Uncaught Error: Failed opening required 'C:\xampp\htdocs\Shop\UX_SHOP\UX_Shop_New/includes/functions.php' (include_path='C:\xampp\php\PEAR') in C:\xampp\htdocs\Shop\UX_SHOP\UX_Shop_New\bundles.php:3
Stack trace:
#0 {main}
  thrown in C:\xampp\htdocs\Shop\UX_SHOP\UX_Shop_New\bundles.php on line 3
[27-May-2026 08:26:13 Europe/Berlin] PHP Warning:  require_once(C:\xampp\htdocs\Shop\UX_SHOP\UX_Shop_New/includes/functions.php): Failed to open stream: No such file or directory in C:\xampp\htdocs\Shop\UX_SHOP\UX_Shop_New\bundles.php on line 3
[27-May-2026 08:26:13 Europe/Berlin] PHP Fatal error:  Uncaught Error: Failed opening required 'C:\xampp\htdocs\Shop\UX_SHOP\UX_Shop_New/includes/functions.php' (include_path='C:\xampp\php\PEAR') in C:\xampp\htdocs\Shop\UX_SHOP\UX_Shop_New\bundles.php:3
Stack trace:
#0 {main}
  thrown in C:\xampp\htdocs\Shop\UX_SHOP\UX_Shop_New\bundles.php on line 3
[27-May-2026 08:26:14 Europe/Berlin] PHP Warning:  require_once(C:\xampp\htdocs\Shop\UX_SHOP\UX_Shop_New/includes/functions.php): Failed to open stream: No such file or directory in C:\xampp\htdocs\Shop\UX_SHOP\UX_Shop_New\bundles.php on line 3
[27-May-2026 08:26:14 Europe/Berlin] PHP Fatal error:  Uncaught Error: Failed opening required 'C:\xampp\htdocs\Shop\UX_SHOP\UX_Shop_New/includes/functions.php' (include_path='C:\xampp\php\PEAR') in C:\xampp\htdocs\Shop\UX_SHOP\UX_Shop_New\bundles.php:3
Stack trace:
#0 {main}
  thrown in C:\xampp\htdocs\Shop\UX_SHOP\UX_Shop_New\bundles.php on line 3
[27-May-2026 08:26:14 Europe/Berlin] PHP Warning:  require_once(C:\xampp\htdocs\Shop\UX_SHOP\UX_Shop_New/includes/functions.php): Failed to open stream: No such file or directory in C:\xampp\htdocs\Shop\UX_SHOP\UX_Shop_New\bundles.php on line 3
[27-May-2026 08:26:14 Europe/Berlin] PHP Fatal error:  Uncaught Error: Failed opening required 'C:\xampp\htdocs\Shop\UX_SHOP\UX_Shop_New/includes/functions.php' (include_path='C:\xampp\php\PEAR') in C:\xampp\htdocs\Shop\UX_SHOP\UX_Shop_New\bundles.php:3
Stack trace:
#0 {main}
  thrown in C:\xampp\htdocs\Shop\UX_SHOP\UX_Shop_New\bundles.php on line 3
[27-May-2026 08:26:21 Europe/Berlin] PHP Warning:  require_once(C:\xampp\htdocs\Shop\UX_SHOP\UX_Shop_New/includes/functions.php): Failed to open stream: No such file or directory in C:\xampp\htdocs\Shop\UX_SHOP\UX_Shop_New\bundles.php on line 3
[27-May-2026 08:26:21 Europe/Berlin] PHP Fatal error:  Uncaught Error: Failed opening required 'C:\xampp\htdocs\Shop\UX_SHOP\UX_Shop_New/includes/functions.php' (include_path='C:\xampp\php\PEAR') in C:\xampp\htdocs\Shop\UX_SHOP\UX_Shop_New\bundles.php:3
Stack trace:
#0 {main}
  thrown in C:\xampp\htdocs\Shop\UX_SHOP\UX_Shop_New\bundles.php on line 3
[27-May-2026 08:30:42 Europe/Berlin] PHP Warning:  Undefined array key "badge_text" in C:\xampp\htdocs\Shop\UX_SHOP\UX_Shop_New\bundles.php on line 93
[27-May-2026 08:30:42 Europe/Berlin] PHP Warning:  Undefined array key "badge_text" in C:\xampp\htdocs\Shop\UX_SHOP\UX_Shop_New\bundles.php on line 258
[27-May-2026 08:30:42 Europe/Berlin] PHP Warning:  Undefined array key "badge_text" in C:\xampp\htdocs\Shop\UX_SHOP\UX_Shop_New\bundles.php on line 258
[27-May-2026 08:30:42 Europe/Berlin] PHP Warning:  Undefined array key "badge_text" in C:\xampp\htdocs\Shop\UX_SHOP\UX_Shop_New\bundles.php on line 258
[27-May-2026 08:30:42 Europe/Berlin] PHP Warning:  Undefined array key "badge_text" in C:\xampp\htdocs\Shop\UX_SHOP\UX_Shop_New\bundles.php on line 258
[27-May-2026 08:30:42 Europe/Berlin] PHP Warning:  Undefined array key "badge_text" in C:\xampp\htdocs\Shop\UX_SHOP\UX_Shop_New\bundles.php on line 258
[27-May-2026 08:31:24 Europe/Berlin] PHP Warning:  Undefined array key "badge_text" in C:\xampp\htdocs\Shop\UX_SHOP\UX_Shop_New\bundles.php on line 93
[27-May-2026 08:31:24 Europe/Berlin] PHP Warning:  Undefined array key "badge_text" in C:\xampp\htdocs\Shop\UX_SHOP\UX_Shop_New\bundles.php on line 258
[27-May-2026 08:31:24 Europe/Berlin] PHP Warning:  Undefined array key "badge_text" in C:\xampp\htdocs\Shop\UX_SHOP\UX_Shop_New\bundles.php on line 258
[27-May-2026 08:31:24 Europe/Berlin] PHP Warning:  Undefined array key "badge_text" in C:\xampp\htdocs\Shop\UX_SHOP\UX_Shop_New\bundles.php on line 258
[27-May-2026 08:31:24 Europe/Berlin] PHP Warning:  Undefined array key "badge_text" in C:\xampp\htdocs\Shop\UX_SHOP\UX_Shop_New\bundles.php on line 258
[27-May-2026 08:31:24 Europe/Berlin] PHP Warning:  Undefined array key "badge_text" in C:\xampp\htdocs\Shop\UX_SHOP\UX_Shop_New\bundles.php on line 258
[27-May-2026 08:31:51 Europe/Berlin] PHP Warning:  Undefined array key "badge_text" in C:\xampp\htdocs\Shop\UX_SHOP\UX_Shop_New\bundles.php on line 93
[27-May-2026 08:31:52 Europe/Berlin] PHP Warning:  Undefined array key "badge_text" in C:\xampp\htdocs\Shop\UX_SHOP\UX_Shop_New\bundles.php on line 258
[27-May-2026 08:31:52 Europe/Berlin] PHP Warning:  Undefined array key "badge_text" in C:\xampp\htdocs\Shop\UX_SHOP\UX_Shop_New\bundles.php on line 258
[27-May-2026 08:31:52 Europe/Berlin] PHP Warning:  Undefined array key "badge_text" in C:\xampp\htdocs\Shop\UX_SHOP\UX_Shop_New\bundles.php on line 258
[27-May-2026 08:31:52 Europe/Berlin] PHP Warning:  Undefined array key "badge_text" in C:\xampp\htdocs\Shop\UX_SHOP\UX_Shop_New\bundles.php on line 258
[27-May-2026 08:31:52 Europe/Berlin] PHP Warning:  Undefined array key "badge_text" in C:\xampp\htdocs\Shop\UX_SHOP\UX_Shop_New\bundles.php on line 258
[27-May-2026 08:31:54 Europe/Berlin] PHP Warning:  Undefined array key "badge_text" in C:\xampp\htdocs\Shop\UX_SHOP\UX_Shop_New\bundles.php on line 85
[27-May-2026 08:31:54 Europe/Berlin] PHP Warning:  Undefined array key "badge_text" in C:\xampp\htdocs\Shop\UX_SHOP\UX_Shop_New\bundles.php on line 250
[27-May-2026 08:31:54 Europe/Berlin] PHP Warning:  Undefined array key "badge_text" in C:\xampp\htdocs\Shop\UX_SHOP\UX_Shop_New\bundles.php on line 250
[27-May-2026 08:31:54 Europe/Berlin] PHP Warning:  Undefined array key "badge_text" in C:\xampp\htdocs\Shop\UX_SHOP\UX_Shop_New\bundles.php on line 250
[27-May-2026 08:31:54 Europe/Berlin] PHP Warning:  Undefined array key "badge_text" in C:\xampp\htdocs\Shop\UX_SHOP\UX_Shop_New\bundles.php on line 250
[27-May-2026 08:31:54 Europe/Berlin] PHP Warning:  Undefined array key "badge_text" in C:\xampp\htdocs\Shop\UX_SHOP\UX_Shop_New\bundles.php on line 250
[27-May-2026 08:35:58 Europe/Berlin] PHP Warning:  Undefined array key "badge_text" in C:\xampp\htdocs\Shop\UX_SHOP\UX_Shop_New\bundles.php on line 85
[27-May-2026 08:35:58 Europe/Berlin] PHP Warning:  Undefined array key "badge_text" in C:\xampp\htdocs\Shop\UX_SHOP\UX_Shop_New\bundles.php on line 250
[27-May-2026 08:35:58 Europe/Berlin] PHP Warning:  Undefined array key "badge_text" in C:\xampp\htdocs\Shop\UX_SHOP\UX_Shop_New\bundles.php on line 250
[27-May-2026 08:35:58 Europe/Berlin] PHP Warning:  Undefined array key "badge_text" in C:\xampp\htdocs\Shop\UX_SHOP\UX_Shop_New\bundles.php on line 250
[27-May-2026 08:35:58 Europe/Berlin] PHP Warning:  Undefined array key "badge_text" in C:\xampp\htdocs\Shop\UX_SHOP\UX_Shop_New\bundles.php on line 250
[27-May-2026 08:35:58 Europe/Berlin] PHP Warning:  Undefined array key "badge_text" in C:\xampp\htdocs\Shop\UX_SHOP\UX_Shop_New\bundles.php on line 250
[27-May-2026 08:43:20 Europe/Berlin] PHP Warning:  Undefined array key "badge_text" in C:\xampp\htdocs\Shop\UX_SHOP\UX_Shop_New\bundles.php on line 84
[27-May-2026 08:43:20 Europe/Berlin] PHP Warning:  Undefined array key "badge_text" in C:\xampp\htdocs\Shop\UX_SHOP\UX_Shop_New\bundles.php on line 84
[27-May-2026 08:43:20 Europe/Berlin] PHP Warning:  Undefined array key "badge_text" in C:\xampp\htdocs\Shop\UX_SHOP\UX_Shop_New\bundles.php on line 84
[27-May-2026 08:43:20 Europe/Berlin] PHP Warning:  Undefined array key "badge_text" in C:\xampp\htdocs\Shop\UX_SHOP\UX_Shop_New\bundles.php on line 84
[27-May-2026 08:43:20 Europe/Berlin] PHP Warning:  Undefined array key "badge_text" in C:\xampp\htdocs\Shop\UX_SHOP\UX_Shop_New\bundles.php on line 84
[27-May-2026 08:43:20 Europe/Berlin] PHP Warning:  Undefined array key "badge_text" in C:\xampp\htdocs\Shop\UX_SHOP\UX_Shop_New\bundles.php on line 208
[27-May-2026 08:43:20 Europe/Berlin] PHP Warning:  Undefined array key "badge_text" in C:\xampp\htdocs\Shop\UX_SHOP\UX_Shop_New\bundles.php on line 208
[27-May-2026 08:43:20 Europe/Berlin] PHP Warning:  Undefined array key "badge_text" in C:\xampp\htdocs\Shop\UX_SHOP\UX_Shop_New\bundles.php on line 208
[27-May-2026 08:43:20 Europe/Berlin] PHP Warning:  Undefined array key "badge_text" in C:\xampp\htdocs\Shop\UX_SHOP\UX_Shop_New\bundles.php on line 208
[27-May-2026 08:43:20 Europe/Berlin] PHP Warning:  Undefined array key "badge_text" in C:\xampp\htdocs\Shop\UX_SHOP\UX_Shop_New\bundles.php on line 208
[27-May-2026 08:44:11 Europe/Berlin] PHP Warning:  Undefined array key "badge_text" in C:\xampp\htdocs\Shop\UX_SHOP\UX_Shop_New\bundles.php on line 85
[27-May-2026 08:44:11 Europe/Berlin] PHP Warning:  Undefined array key "badge_text" in C:\xampp\htdocs\Shop\UX_SHOP\UX_Shop_New\bundles.php on line 85
[27-May-2026 08:44:11 Europe/Berlin] PHP Warning:  Undefined array key "badge_text" in C:\xampp\htdocs\Shop\UX_SHOP\UX_Shop_New\bundles.php on line 85
[27-May-2026 08:44:11 Europe/Berlin] PHP Warning:  Undefined array key "badge_text" in C:\xampp\htdocs\Shop\UX_SHOP\UX_Shop_New\bundles.php on line 85
[27-May-2026 08:44:11 Europe/Berlin] PHP Warning:  Undefined array key "badge_text" in C:\xampp\htdocs\Shop\UX_SHOP\UX_Shop_New\bundles.php on line 85
[27-May-2026 08:44:11 Europe/Berlin] PHP Warning:  Undefined array key "badge_text" in C:\xampp\htdocs\Shop\UX_SHOP\UX_Shop_New\bundles.php on line 209
[27-May-2026 08:44:11 Europe/Berlin] PHP Warning:  Undefined array key "badge_text" in C:\xampp\htdocs\Shop\UX_SHOP\UX_Shop_New\bundles.php on line 209
[27-May-2026 08:44:11 Europe/Berlin] PHP Warning:  Undefined array key "badge_text" in C:\xampp\htdocs\Shop\UX_SHOP\UX_Shop_New\bundles.php on line 209
[27-May-2026 08:44:11 Europe/Berlin] PHP Warning:  Undefined array key "badge_text" in C:\xampp\htdocs\Shop\UX_SHOP\UX_Shop_New\bundles.php on line 209
[27-May-2026 08:44:11 Europe/Berlin] PHP Warning:  Undefined array key "badge_text" in C:\xampp\htdocs\Shop\UX_SHOP\UX_Shop_New\bundles.php on line 209
[27-May-2026 08:46:11 Europe/Berlin] PHP Warning:  Undefined array key "badge_text" in C:\xampp\htdocs\Shop\UX_SHOP\UX_Shop_New\bundles.php on line 85
[27-May-2026 08:46:11 Europe/Berlin] PHP Warning:  Undefined array key "badge_text" in C:\xampp\htdocs\Shop\UX_SHOP\UX_Shop_New\bundles.php on line 85
[27-May-2026 08:46:11 Europe/Berlin] PHP Warning:  Undefined array key "badge_text" in C:\xampp\htdocs\Shop\UX_SHOP\UX_Shop_New\bundles.php on line 85
[27-May-2026 08:46:11 Europe/Berlin] PHP Warning:  Undefined array key "badge_text" in C:\xampp\htdocs\Shop\UX_SHOP\UX_Shop_New\bundles.php on line 85
[27-May-2026 08:46:11 Europe/Berlin] PHP Warning:  Undefined array key "badge_text" in C:\xampp\htdocs\Shop\UX_SHOP\UX_Shop_New\bundles.php on line 85
[27-May-2026 08:46:11 Europe/Berlin] PHP Warning:  Undefined array key "badge_text" in C:\xampp\htdocs\Shop\UX_SHOP\UX_Shop_New\bundles.php on line 209
[27-May-2026 08:46:11 Europe/Berlin] PHP Warning:  Undefined array key "badge_text" in C:\xampp\htdocs\Shop\UX_SHOP\UX_Shop_New\bundles.php on line 209
[27-May-2026 08:46:11 Europe/Berlin] PHP Warning:  Undefined array key "badge_text" in C:\xampp\htdocs\Shop\UX_SHOP\UX_Shop_New\bundles.php on line 209
[27-May-2026 08:46:11 Europe/Berlin] PHP Warning:  Undefined array key "badge_text" in C:\xampp\htdocs\Shop\UX_SHOP\UX_Shop_New\bundles.php on line 209
[27-May-2026 08:46:11 Europe/Berlin] PHP Warning:  Undefined array key "badge_text" in C:\xampp\htdocs\Shop\UX_SHOP\UX_Shop_New\bundles.php on line 209
[27-May-2026 08:48:55 Europe/Berlin] PHP Warning:  Undefined array key "badge_text" in C:\xampp\htdocs\Shop\UX_SHOP\UX_Shop_New\bundles.php on line 102
[27-May-2026 08:48:55 Europe/Berlin] PHP Warning:  Undefined array key "badge_text" in C:\xampp\htdocs\Shop\UX_SHOP\UX_Shop_New\bundles.php on line 102
[27-May-2026 08:48:55 Europe/Berlin] PHP Warning:  Undefined array key "badge_text" in C:\xampp\htdocs\Shop\UX_SHOP\UX_Shop_New\bundles.php on line 102
[27-May-2026 08:48:55 Europe/Berlin] PHP Warning:  Undefined array key "badge_text" in C:\xampp\htdocs\Shop\UX_SHOP\UX_Shop_New\bundles.php on line 102
[27-May-2026 08:48:55 Europe/Berlin] PHP Warning:  Undefined array key "badge_text" in C:\xampp\htdocs\Shop\UX_SHOP\UX_Shop_New\bundles.php on line 102
[27-May-2026 08:48:56 Europe/Berlin] PHP Warning:  Undefined array key "badge_text" in C:\xampp\htdocs\Shop\UX_SHOP\UX_Shop_New\bundles.php on line 224
[27-May-2026 08:48:56 Europe/Berlin] PHP Warning:  Undefined array key "badge_text" in C:\xampp\htdocs\Shop\UX_SHOP\UX_Shop_New\bundles.php on line 224
[27-May-2026 08:48:56 Europe/Berlin] PHP Warning:  Undefined array key "badge_text" in C:\xampp\htdocs\Shop\UX_SHOP\UX_Shop_New\bundles.php on line 224
[27-May-2026 08:48:56 Europe/Berlin] PHP Warning:  Undefined array key "badge_text" in C:\xampp\htdocs\Shop\UX_SHOP\UX_Shop_New\bundles.php on line 224
[27-May-2026 08:48:56 Europe/Berlin] PHP Warning:  Undefined array key "badge_text" in C:\xampp\htdocs\Shop\UX_SHOP\UX_Shop_New\bundles.php on line 224
[27-May-2026 08:52:33 Europe/Berlin] PHP Warning:  Undefined array key "badge_text" in C:\xampp\htdocs\Shop\UX_SHOP\UX_Shop_New\bundles.php on line 156
[27-May-2026 08:52:33 Europe/Berlin] PHP Warning:  Undefined array key "badge_text" in C:\xampp\htdocs\Shop\UX_SHOP\UX_Shop_New\bundles.php on line 156
[27-May-2026 08:52:33 Europe/Berlin] PHP Warning:  Undefined array key "badge_text" in C:\xampp\htdocs\Shop\UX_SHOP\UX_Shop_New\bundles.php on line 156
[27-May-2026 08:52:33 Europe/Berlin] PHP Warning:  Undefined array key "badge_text" in C:\xampp\htdocs\Shop\UX_SHOP\UX_Shop_New\bundles.php on line 156
[27-May-2026 08:52:33 Europe/Berlin] PHP Warning:  Undefined array key "badge_text" in C:\xampp\htdocs\Shop\UX_SHOP\UX_Shop_New\bundles.php on line 156
[27-May-2026 08:52:33 Europe/Berlin] PHP Warning:  Undefined array key "badge_text" in C:\xampp\htdocs\Shop\UX_SHOP\UX_Shop_New\bundles.php on line 293
[27-May-2026 08:52:33 Europe/Berlin] PHP Warning:  Undefined array key "badge_text" in C:\xampp\htdocs\Shop\UX_SHOP\UX_Shop_New\bundles.php on line 293
[27-May-2026 08:52:33 Europe/Berlin] PHP Warning:  Undefined array key "badge_text" in C:\xampp\htdocs\Shop\UX_SHOP\UX_Shop_New\bundles.php on line 293
[27-May-2026 08:52:33 Europe/Berlin] PHP Warning:  Undefined array key "badge_text" in C:\xampp\htdocs\Shop\UX_SHOP\UX_Shop_New\bundles.php on line 293
[27-May-2026 08:52:33 Europe/Berlin] PHP Warning:  Undefined array key "badge_text" in C:\xampp\htdocs\Shop\UX_SHOP\UX_Shop_New\bundles.php on line 293
[27-May-2026 08:56:40 Europe/Berlin] PHP Warning:  Undefined array key "badge_text" in C:\xampp\htdocs\Shop\UX_SHOP\UX_Shop_New\bundles.php on line 159
[27-May-2026 08:56:40 Europe/Berlin] PHP Warning:  Undefined array key "badge_text" in C:\xampp\htdocs\Shop\UX_SHOP\UX_Shop_New\bundles.php on line 159
[27-May-2026 08:56:40 Europe/Berlin] PHP Warning:  Undefined array key "badge_text" in C:\xampp\htdocs\Shop\UX_SHOP\UX_Shop_New\bundles.php on line 159
[27-May-2026 08:56:40 Europe/Berlin] PHP Warning:  Undefined array key "badge_text" in C:\xampp\htdocs\Shop\UX_SHOP\UX_Shop_New\bundles.php on line 159
[27-May-2026 08:56:40 Europe/Berlin] PHP Warning:  Undefined array key "badge_text" in C:\xampp\htdocs\Shop\UX_SHOP\UX_Shop_New\bundles.php on line 159
[27-May-2026 08:57:17 Europe/Berlin] PHP Warning:  Undefined array key "badge_text" in C:\xampp\htdocs\Shop\UX_SHOP\UX_Shop_New\bundles.php on line 159
[27-May-2026 08:57:17 Europe/Berlin] PHP Warning:  Undefined array key "badge_text" in C:\xampp\htdocs\Shop\UX_SHOP\UX_Shop_New\bundles.php on line 159
[27-May-2026 08:57:17 Europe/Berlin] PHP Warning:  Undefined array key "badge_text" in C:\xampp\htdocs\Shop\UX_SHOP\UX_Shop_New\bundles.php on line 159
[27-May-2026 08:57:17 Europe/Berlin] PHP Warning:  Undefined array key "badge_text" in C:\xampp\htdocs\Shop\UX_SHOP\UX_Shop_New\bundles.php on line 159
[27-May-2026 08:57:17 Europe/Berlin] PHP Warning:  Undefined array key "badge_text" in C:\xampp\htdocs\Shop\UX_SHOP\UX_Shop_New\bundles.php on line 159
[27-May-2026 08:57:34 Europe/Berlin] PHP Warning:  Undefined array key "badge_text" in C:\xampp\htdocs\Shop\UX_SHOP\UX_Shop_New\bundles.php on line 159
[27-May-2026 08:57:34 Europe/Berlin] PHP Warning:  Undefined array key "badge_text" in C:\xampp\htdocs\Shop\UX_SHOP\UX_Shop_New\bundles.php on line 159
[27-May-2026 08:57:34 Europe/Berlin] PHP Warning:  Undefined array key "badge_text" in C:\xampp\htdocs\Shop\UX_SHOP\UX_Shop_New\bundles.php on line 159
[27-May-2026 08:57:34 Europe/Berlin] PHP Warning:  Undefined array key "badge_text" in C:\xampp\htdocs\Shop\UX_SHOP\UX_Shop_New\bundles.php on line 159
[27-May-2026 08:57:34 Europe/Berlin] PHP Warning:  Undefined array key "badge_text" in C:\xampp\htdocs\Shop\UX_SHOP\UX_Shop_New\bundles.php on line 159
[27-May-2026 08:57:40 Europe/Berlin] PHP Warning:  Undefined array key "badge_text" in C:\xampp\htdocs\Shop\UX_SHOP\UX_Shop_New\bundles.php on line 159
[27-May-2026 08:57:40 Europe/Berlin] PHP Warning:  Undefined array key "badge_text" in C:\xampp\htdocs\Shop\UX_SHOP\UX_Shop_New\bundles.php on line 159
[27-May-2026 08:57:40 Europe/Berlin] PHP Warning:  Undefined array key "badge_text" in C:\xampp\htdocs\Shop\UX_SHOP\UX_Shop_New\bundles.php on line 159
[27-May-2026 08:57:40 Europe/Berlin] PHP Warning:  Undefined array key "badge_text" in C:\xampp\htdocs\Shop\UX_SHOP\UX_Shop_New\bundles.php on line 159
[27-May-2026 08:57:40 Europe/Berlin] PHP Warning:  Undefined array key "badge_text" in C:\xampp\htdocs\Shop\UX_SHOP\UX_Shop_New\bundles.php on line 159
[27-May-2026 08:58:07 Europe/Berlin] PHP Warning:  Undefined array key "badge_text" in C:\xampp\htdocs\Shop\UX_SHOP\UX_Shop_New\bundles.php on line 159
[27-May-2026 08:58:07 Europe/Berlin] PHP Warning:  Undefined array key "badge_text" in C:\xampp\htdocs\Shop\UX_SHOP\UX_Shop_New\bundles.php on line 159
[27-May-2026 08:58:07 Europe/Berlin] PHP Warning:  Undefined array key "badge_text" in C:\xampp\htdocs\Shop\UX_SHOP\UX_Shop_New\bundles.php on line 159
[27-May-2026 08:58:07 Europe/Berlin] PHP Warning:  Undefined array key "badge_text" in C:\xampp\htdocs\Shop\UX_SHOP\UX_Shop_New\bundles.php on line 159
[27-May-2026 08:58:07 Europe/Berlin] PHP Warning:  Undefined array key "badge_text" in C:\xampp\htdocs\Shop\UX_SHOP\UX_Shop_New\bundles.php on line 159
[27-May-2026 09:02:34 Europe/Berlin] PHP Fatal error:  Uncaught ArgumentCountError: The number of elements in the type definition string must match the number of bind variables in C:\xampp\htdocs\Shop\UX_SHOP\UX_Shop_New\seed-bundles.php:164
Stack trace:
#0 C:\xampp\htdocs\Shop\UX_SHOP\UX_Shop_New\seed-bundles.php(164): mysqli_stmt->bind_param('ssssddssdiss', 'Portfolio Build...', 'Build a recruit...', 'Portfolio', 'portfolio,case-...', 999, 2499, 'img/poster1.web...', 'Best Seller', 4.8, 1, 'Complete case s...', '["Complete case...', 'portfolio-build...')
#1 {main}
  thrown in C:\xampp\htdocs\Shop\UX_SHOP\UX_Shop_New\seed-bundles.php on line 164
[27-May-2026 09:02:57 Europe/Berlin] PHP Fatal error:  Uncaught ArgumentCountError: The number of elements in the type definition string must match the number of bind variables in C:\xampp\htdocs\Shop\UX_SHOP\UX_Shop_New\seed-bundles.php:164
Stack trace:
#0 C:\xampp\htdocs\Shop\UX_SHOP\UX_Shop_New\seed-bundles.php(164): mysqli_stmt->bind_param('ssssddssdiss', 'Ultimate UI/UX ...', 'Everything you ...', 'Career Pack', 'portfolio,caree...', 1499, 2999, 'img/poster.webp', 'Best Seller', 4.9, 1, '15+ UI Screens\n...', '["15+ UI Screen...', 'ultimate-ui-ux-...')
#1 {main}
  thrown in C:\xampp\htdocs\Shop\UX_SHOP\UX_Shop_New\seed-bundles.php on line 164
[28-May-2026 12:33:55 Europe/Berlin] PHP Warning:  Undefined variable $599 in C:\xampp\htdocs\Shop\UX_SHOP\UX_Shop_New\includes\marketplace.php on line 548
[28-May-2026 12:33:55 Europe/Berlin] PHP Warning:  Undefined variable $399 in C:\xampp\htdocs\Shop\UX_SHOP\UX_Shop_New\includes\marketplace.php on line 548
[28-May-2026 12:33:55 Europe/Berlin] PHP Warning:  Undefined variable $299 in C:\xampp\htdocs\Shop\UX_SHOP\UX_Shop_New\includes\marketplace.php on line 548
[28-May-2026 12:33:55 Europe/Berlin] PHP Warning:  Undefined variable $349 in C:\xampp\htdocs\Shop\UX_SHOP\UX_Shop_New\includes\marketplace.php on line 548
[28-May-2026 12:33:55 Europe/Berlin] PHP Warning:  Undefined variable $250 in C:\xampp\htdocs\Shop\UX_SHOP\UX_Shop_New\includes\marketplace.php on line 548
[28-May-2026 12:33:56 Europe/Berlin] PHP Warning:  Undefined variable $150 in C:\xampp\htdocs\Shop\UX_SHOP\UX_Shop_New\includes\marketplace.php on line 548
[28-May-2026 12:34:23 Europe/Berlin] PHP Warning:  Undefined variable $599 in C:\xampp\htdocs\Shop\UX_SHOP\UX_Shop_New\includes\marketplace.php on line 548
[28-May-2026 12:34:23 Europe/Berlin] PHP Warning:  Undefined variable $399 in C:\xampp\htdocs\Shop\UX_SHOP\UX_Shop_New\includes\marketplace.php on line 548
[28-May-2026 12:34:23 Europe/Berlin] PHP Warning:  Undefined variable $299 in C:\xampp\htdocs\Shop\UX_SHOP\UX_Shop_New\includes\marketplace.php on line 548
[28-May-2026 12:34:23 Europe/Berlin] PHP Warning:  Undefined variable $349 in C:\xampp\htdocs\Shop\UX_SHOP\UX_Shop_New\includes\marketplace.php on line 548
[28-May-2026 12:34:23 Europe/Berlin] PHP Warning:  Undefined variable $250 in C:\xampp\htdocs\Shop\UX_SHOP\UX_Shop_New\includes\marketplace.php on line 548
[28-May-2026 12:34:23 Europe/Berlin] PHP Warning:  Undefined variable $150 in C:\xampp\htdocs\Shop\UX_SHOP\UX_Shop_New\includes\marketplace.php on line 548
[28-May-2026 12:56:07 Europe/Berlin] PHP Warning:  Undefined variable $599 in C:\xampp\htdocs\Shop\UX_SHOP\UX_Shop_New\includes\marketplace.php on line 548
[28-May-2026 12:56:07 Europe/Berlin] PHP Warning:  Undefined variable $399 in C:\xampp\htdocs\Shop\UX_SHOP\UX_Shop_New\includes\marketplace.php on line 548
[28-May-2026 12:56:07 Europe/Berlin] PHP Warning:  Undefined variable $299 in C:\xampp\htdocs\Shop\UX_SHOP\UX_Shop_New\includes\marketplace.php on line 548
[28-May-2026 12:56:07 Europe/Berlin] PHP Warning:  Undefined variable $349 in C:\xampp\htdocs\Shop\UX_SHOP\UX_Shop_New\includes\marketplace.php on line 548
[28-May-2026 12:56:07 Europe/Berlin] PHP Warning:  Undefined variable $250 in C:\xampp\htdocs\Shop\UX_SHOP\UX_Shop_New\includes\marketplace.php on line 548
[28-May-2026 12:56:07 Europe/Berlin] PHP Warning:  Undefined variable $150 in C:\xampp\htdocs\Shop\UX_SHOP\UX_Shop_New\includes\marketplace.php on line 548
[28-May-2026 13:35:27 Europe/Berlin] Mailer SMTP error: SMTP expected 25, got: 
[28-May-2026 18:29:16 Europe/Berlin] PHP Warning:  Undefined variable $conn in C:\xampp\htdocs\Shop\UX_SHOP\UX_Shop_New\api\admin\product\save.php on line 61
[29-May-2026 11:13:37 Europe/Berlin] PHP Fatal error:  Uncaught ArgumentCountError: Too few arguments to function columnExists(), 2 passed in C:\xampp\htdocs\Shop\UX_SHOP\UX_Shop_New\api\admin\stats\overview.php on line 106 and exactly 3 expected in C:\xampp\htdocs\Shop\UX_SHOP\UX_Shop_New\includes\marketplace.php:10
Stack trace:
#0 C:\xampp\htdocs\Shop\UX_SHOP\UX_Shop_New\api\admin\stats\overview.php(106): columnExists(Object(mysqli), 'is_read')
#1 {main}
  thrown in C:\xampp\htdocs\Shop\UX_SHOP\UX_Shop_New\includes\marketplace.php on line 10
[29-May-2026 11:13:41 Europe/Berlin] PHP Fatal error:  Uncaught ArgumentCountError: Too few arguments to function columnExists(), 2 passed in C:\xampp\htdocs\Shop\UX_SHOP\UX_Shop_New\api\admin\stats\overview.php on line 106 and exactly 3 expected in C:\xampp\htdocs\Shop\UX_SHOP\UX_Shop_New\includes\marketplace.php:10
Stack trace:
#0 C:\xampp\htdocs\Shop\UX_SHOP\UX_Shop_New\api\admin\stats\overview.php(106): columnExists(Object(mysqli), 'is_read')
#1 {main}
  thrown in C:\xampp\htdocs\Shop\UX_SHOP\UX_Shop_New\includes\marketplace.php on line 10
[29-May-2026 11:16:22 Europe/Berlin] PHP Fatal error:  Uncaught ArgumentCountError: Too few arguments to function columnExists(), 2 passed in C:\xampp\htdocs\Shop\UX_SHOP\UX_Shop_New\api\admin\stats\overview.php on line 106 and exactly 3 expected in C:\xampp\htdocs\Shop\UX_SHOP\UX_Shop_New\includes\marketplace.php:10
Stack trace:
#0 C:\xampp\htdocs\Shop\UX_SHOP\UX_Shop_New\api\admin\stats\overview.php(106): columnExists(Object(mysqli), 'is_read')
#1 {main}
  thrown in C:\xampp\htdocs\Shop\UX_SHOP\UX_Shop_New\includes\marketplace.php on line 10
[29-May-2026 14:01:56 Europe/Berlin] PHP Fatal error:  Uncaught Error: mysqli_stmt::bind_param(): Argument #6 cannot be passed by reference in C:\xampp\htdocs\Shop\UX_SHOP\UX_Shop_New\scripts\test-user-signup-api.php:41
Stack trace:
#0 {main}
  thrown in C:\xampp\htdocs\Shop\UX_SHOP\UX_Shop_New\scripts\test-user-signup-api.php on line 41
[29-May-2026 14:02:44 Europe/Berlin] PHP Fatal error:  Uncaught Error: mysqli_stmt::bind_param(): Argument #6 cannot be passed by reference in C:\xampp\htdocs\Shop\UX_SHOP\UX_Shop_New\scripts\test-user-signup-api.php:41
Stack trace:
#0 {main}
  thrown in C:\xampp\htdocs\Shop\UX_SHOP\UX_Shop_New\scripts\test-user-signup-api.php on line 41
[29-May-2026 14:04:18 Europe/Berlin] PHP Fatal error:  Uncaught Error: mysqli_stmt::bind_param(): Argument #6 cannot be passed by reference in C:\xampp\htdocs\Shop\UX_SHOP\UX_Shop_New\scripts\test-user-signup-api.php:46
Stack trace:
#0 {main}
  thrown in C:\xampp\htdocs\Shop\UX_SHOP\UX_Shop_New\scripts\test-user-signup-api.php on line 46
[29-May-2026 14:04:47 Europe/Berlin] PHP Fatal error:  Uncaught Error: mysqli_stmt::bind_param(): Argument #6 cannot be passed by reference in C:\xampp\htdocs\Shop\UX_SHOP\UX_Shop_New\scripts\test-user-signup-api.php:50
Stack trace:
#0 {main}
  thrown in C:\xampp\htdocs\Shop\UX_SHOP\UX_Shop_New\scripts\test-user-signup-api.php on line 50
[29-May-2026 14:05:19 Europe/Berlin] PHP Fatal error:  Uncaught Error: mysqli_stmt::bind_param(): Argument #6 cannot be passed by reference in C:\xampp\htdocs\Shop\UX_SHOP\UX_Shop_New\scripts\test-user-signup-api.php:53
Stack trace:
#0 {main}
  thrown in C:\xampp\htdocs\Shop\UX_SHOP\UX_Shop_New\scripts\test-user-signup-api.php on line 53
<<<<<<< HEAD
[01-Jun-2026 13:42:58 Europe/Berlin] razorpay-create-order.php: Payment system not configured
[01-Jun-2026 13:43:32 Europe/Berlin] PHP Fatal error:  Uncaught Error: Call to a member function bind_param() on bool in C:\xampp\htdocs\Shop\UX_SHOP\UX_Shop_New\api\order\get.php:54
Stack trace:
#0 {main}
  thrown in C:\xampp\htdocs\Shop\UX_SHOP\UX_Shop_New\api\order\get.php on line 54
[01-Jun-2026 13:43:43 Europe/Berlin] PHP Fatal error:  Uncaught Error: Call to a member function bind_param() on bool in C:\xampp\htdocs\Shop\UX_SHOP\UX_Shop_New\api\order\get.php:54
Stack trace:
#0 {main}
  thrown in C:\xampp\htdocs\Shop\UX_SHOP\UX_Shop_New\api\order\get.php on line 54
[01-Jun-2026 13:45:12 Europe/Berlin] PHP Fatal error:  Uncaught Error: Call to a member function bind_param() on bool in C:\xampp\htdocs\Shop\UX_SHOP\UX_Shop_New\api\order\get.php:54
Stack trace:
#0 {main}
  thrown in C:\xampp\htdocs\Shop\UX_SHOP\UX_Shop_New\api\order\get.php on line 54
[01-Jun-2026 13:45:35 Europe/Berlin] PHP Fatal error:  Uncaught Error: Call to a member function bind_param() on bool in C:\xampp\htdocs\Shop\UX_SHOP\UX_Shop_New\api\order\get.php:54
Stack trace:
#0 {main}
  thrown in C:\xampp\htdocs\Shop\UX_SHOP\UX_Shop_New\api\order\get.php on line 54
=======
[01-Jun-2026 13:43:28 Europe/Berlin] PHP Warning:  Undefined array key "download_count" in C:\xampp\htdocs\SHOPMohitSir\UX_Shop_New\freebies.php on line 119
[01-Jun-2026 13:44:01 Europe/Berlin] PHP Warning:  Undefined array key "download_count" in C:\xampp\htdocs\SHOPMohitSir\UX_Shop_New\freebies.php on line 119
[01-Jun-2026 13:44:07 Europe/Berlin] PHP Warning:  Undefined array key "download_count" in C:\xampp\htdocs\SHOPMohitSir\UX_Shop_New\freebies.php on line 119
[01-Jun-2026 13:44:33 Europe/Berlin] PHP Warning:  Undefined array key "download_count" in C:\xampp\htdocs\SHOPMohitSir\UX_Shop_New\freebies.php on line 119
>>>>>>> e399e11108a46af5794ac4420c8f699db6b49bd3
[02-Jun-2026 13:27:11 Europe/Berlin] Mailer SMTP error: SMTP expected 25, got: 550 "Sorry, you are sending to/from an address that has been blacklisted"
[02-Jun-2026 13:28:42 Europe/Berlin] Mailer SMTP error: SMTP expected 25, got: 550 "Sorry, you are sending to/from an address that has been blacklisted"
[03-Jun-2026 07:33:46 Europe/Berlin] EmailService: sent "Welcome to UX Pacific!" to rmohittt21@gmail.com
[03-Jun-2026 12:22:48 Europe/Berlin] PHP Warning:  Undefined variable $table in C:\xampp\htdocs\Shop\UX_SHOP\UX_Shop_New\api\order\create.php on line 90
[03-Jun-2026 12:22:48 Europe/Berlin] api/order/create.php: Call to a member function bind_param() on bool
[03-Jun-2026 12:23:06 Europe/Berlin] PHP Warning:  Undefined variable $table in C:\xampp\htdocs\Shop\UX_SHOP\UX_Shop_New\api\order\create.php on line 90
[03-Jun-2026 12:23:06 Europe/Berlin] api/order/create.php: Call to a member function bind_param() on bool
[03-Jun-2026 12:23:12 Europe/Berlin] PHP Warning:  Undefined variable $table in C:\xampp\htdocs\Shop\UX_SHOP\UX_Shop_New\api\order\create.php on line 90
[03-Jun-2026 12:23:12 Europe/Berlin] api/order/create.php: Call to a member function bind_param() on bool
[03-Jun-2026 12:25:40 Europe/Berlin] PHP Warning:  Undefined variable $table in C:\xampp\htdocs\Shop\UX_SHOP\UX_Shop_New\api\order\create.php on line 90
[03-Jun-2026 12:25:40 Europe/Berlin] api/order/create.php: Call to a member function bind_param() on bool
[03-Jun-2026 13:10:24 Europe/Berlin] SMTP << 220-sh007.bigrock.com ESMTP Exim 4.99.4 #2 Wed, 03 Jun 2026 16:40:24 +0530
[03-Jun-2026 13:10:24 Europe/Berlin] SMTP << 220-We do not authorize the use of this system to transport unsolicited,
[03-Jun-2026 13:10:24 Europe/Berlin] SMTP << 220 and/or bulk e-mail.
[03-Jun-2026 13:10:24 Europe/Berlin] SMTP >> EHLO LAPTOP-LDCRSE06
[03-Jun-2026 13:10:24 Europe/Berlin] SMTP << 250-sh007.bigrock.com Hello LAPTOP-LDCRSE06 [183.82.198.210]
[03-Jun-2026 13:10:24 Europe/Berlin] SMTP << 250-SIZE 52428800
[03-Jun-2026 13:10:24 Europe/Berlin] SMTP << 250-LIMITS MAILMAX=50 RCPTMAX=50000
[03-Jun-2026 13:10:24 Europe/Berlin] SMTP << 250-8BITMIME
[03-Jun-2026 13:10:24 Europe/Berlin] SMTP << 250-PIPELINING
[03-Jun-2026 13:10:24 Europe/Berlin] SMTP << 250-PIPECONNECT
[03-Jun-2026 13:10:24 Europe/Berlin] SMTP << 250-AUTH PLAIN LOGIN
[03-Jun-2026 13:10:24 Europe/Berlin] SMTP << 250 HELP
[03-Jun-2026 13:10:24 Europe/Berlin] SMTP >> AUTH LOGIN
[03-Jun-2026 13:10:24 Europe/Berlin] SMTP << 334 VXNlcm5hbWU6
[03-Jun-2026 13:10:24 Europe/Berlin] SMTP >> [base64-redacted]
[03-Jun-2026 13:10:25 Europe/Berlin] SMTP << 334 UGFzc3dvcmQ6
[03-Jun-2026 13:10:25 Europe/Berlin] SMTP >> [base64-redacted]
[03-Jun-2026 13:10:25 Europe/Berlin] SMTP << 235 Authentication succeeded
[03-Jun-2026 13:10:25 Europe/Berlin] SMTP >> MAIL FROM:<support@uxpacific.com>
[03-Jun-2026 13:10:26 Europe/Berlin] SMTP << 250 OK
[03-Jun-2026 13:10:26 Europe/Berlin] SMTP >> RCPT TO:<qa.codex.1780485021833@example.com>
[03-Jun-2026 13:10:26 Europe/Berlin] SMTP << 550 "Sorry, you are sending to/from an address that has been blacklisted"
[03-Jun-2026 13:10:26 Europe/Berlin] Mailer SMTP error: SMTP expected 25, got: 550 "Sorry, you are sending to/from an address that has been blacklisted"
[03-Jun-2026 13:10:43 Europe/Berlin] SMTP << 220-sh007.bigrock.com ESMTP Exim 4.99.4 #2 Wed, 03 Jun 2026 16:40:42 +0530
[03-Jun-2026 13:10:43 Europe/Berlin] SMTP << 220-We do not authorize the use of this system to transport unsolicited,
[03-Jun-2026 13:10:43 Europe/Berlin] SMTP << 220 and/or bulk e-mail.
[03-Jun-2026 13:10:43 Europe/Berlin] SMTP >> EHLO LAPTOP-LDCRSE06
[03-Jun-2026 13:10:44 Europe/Berlin] SMTP << 250-sh007.bigrock.com Hello LAPTOP-LDCRSE06 [183.82.198.210]
[03-Jun-2026 13:10:44 Europe/Berlin] SMTP << 250-SIZE 52428800
[03-Jun-2026 13:10:44 Europe/Berlin] SMTP << 250-LIMITS MAILMAX=50 RCPTMAX=50000
[03-Jun-2026 13:10:44 Europe/Berlin] SMTP << 250-8BITMIME
[03-Jun-2026 13:10:44 Europe/Berlin] SMTP << 250-PIPELINING
[03-Jun-2026 13:10:44 Europe/Berlin] SMTP << 250-PIPECONNECT
[03-Jun-2026 13:10:44 Europe/Berlin] SMTP << 250-AUTH PLAIN LOGIN
[03-Jun-2026 13:10:44 Europe/Berlin] SMTP << 250 HELP
[03-Jun-2026 13:10:44 Europe/Berlin] SMTP >> AUTH LOGIN
[03-Jun-2026 13:10:46 Europe/Berlin] SMTP << 334 VXNlcm5hbWU6
[03-Jun-2026 13:10:46 Europe/Berlin] SMTP >> [base64-redacted]
[03-Jun-2026 13:10:46 Europe/Berlin] SMTP << 334 UGFzc3dvcmQ6
[03-Jun-2026 13:10:46 Europe/Berlin] SMTP >> [base64-redacted]
[03-Jun-2026 13:10:47 Europe/Berlin] SMTP << 235 Authentication succeeded
[03-Jun-2026 13:10:47 Europe/Berlin] SMTP >> MAIL FROM:<support@uxpacific.com>
[03-Jun-2026 13:10:47 Europe/Berlin] SMTP << 250 OK
[03-Jun-2026 13:10:47 Europe/Berlin] SMTP >> RCPT TO:<qa.codex.1780485040078@example.com>
[03-Jun-2026 13:10:47 Europe/Berlin] SMTP << 550 "Sorry, you are sending to/from an address that has been blacklisted"
[03-Jun-2026 13:10:47 Europe/Berlin] Mailer SMTP error: SMTP expected 25, got: 550 "Sorry, you are sending to/from an address that has been blacklisted"
[03-Jun-2026 13:11:12 Europe/Berlin] SMTP << 220-sh007.bigrock.com ESMTP Exim 4.99.4 #2 Wed, 03 Jun 2026 16:41:12 +0530
[03-Jun-2026 13:11:12 Europe/Berlin] SMTP << 220-We do not authorize the use of this system to transport unsolicited,
[03-Jun-2026 13:11:12 Europe/Berlin] SMTP << 220 and/or bulk e-mail.
[03-Jun-2026 13:11:12 Europe/Berlin] SMTP >> EHLO LAPTOP-LDCRSE06
[03-Jun-2026 13:11:12 Europe/Berlin] SMTP << 250-sh007.bigrock.com Hello LAPTOP-LDCRSE06 [183.82.198.210]
[03-Jun-2026 13:11:12 Europe/Berlin] SMTP << 250-SIZE 52428800
[03-Jun-2026 13:11:12 Europe/Berlin] SMTP << 250-LIMITS MAILMAX=50 RCPTMAX=50000
[03-Jun-2026 13:11:12 Europe/Berlin] SMTP << 250-8BITMIME
[03-Jun-2026 13:11:12 Europe/Berlin] SMTP << 250-PIPELINING
[03-Jun-2026 13:11:12 Europe/Berlin] SMTP << 250-PIPECONNECT
[03-Jun-2026 13:11:12 Europe/Berlin] SMTP << 250-AUTH PLAIN LOGIN
[03-Jun-2026 13:11:12 Europe/Berlin] SMTP << 250 HELP
[03-Jun-2026 13:11:12 Europe/Berlin] SMTP >> AUTH LOGIN
[03-Jun-2026 13:11:12 Europe/Berlin] SMTP << 334 VXNlcm5hbWU6
[03-Jun-2026 13:11:12 Europe/Berlin] SMTP >> [base64-redacted]
[03-Jun-2026 13:11:13 Europe/Berlin] SMTP << 334 UGFzc3dvcmQ6
[03-Jun-2026 13:11:13 Europe/Berlin] SMTP >> [base64-redacted]
[03-Jun-2026 13:11:13 Europe/Berlin] SMTP << 235 Authentication succeeded
[03-Jun-2026 13:11:13 Europe/Berlin] SMTP >> MAIL FROM:<support@uxpacific.com>
[03-Jun-2026 13:11:14 Europe/Berlin] SMTP << 250 OK
[03-Jun-2026 13:11:14 Europe/Berlin] SMTP >> RCPT TO:<qa.codex.1780485070466@example.com>
[03-Jun-2026 13:11:14 Europe/Berlin] SMTP << 550 "Sorry, you are sending to/from an address that has been blacklisted"
[03-Jun-2026 13:11:14 Europe/Berlin] Mailer SMTP error: SMTP expected 25, got: 550 "Sorry, you are sending to/from an address that has been blacklisted"
[03-Jun-2026 13:11:15 Europe/Berlin] SMTP << 220-sh007.bigrock.com ESMTP Exim 4.99.4 #2 Wed, 03 Jun 2026 16:41:16 +0530
[03-Jun-2026 13:11:15 Europe/Berlin] SMTP << 220-We do not authorize the use of this system to transport unsolicited,
[03-Jun-2026 13:11:15 Europe/Berlin] SMTP << 220 and/or bulk e-mail.
[03-Jun-2026 13:11:15 Europe/Berlin] SMTP >> EHLO LAPTOP-LDCRSE06
[03-Jun-2026 13:11:16 Europe/Berlin] SMTP << 250-sh007.bigrock.com Hello LAPTOP-LDCRSE06 [183.82.198.210]
[03-Jun-2026 13:11:16 Europe/Berlin] SMTP << 250-SIZE 52428800
[03-Jun-2026 13:11:16 Europe/Berlin] SMTP << 250-LIMITS MAILMAX=50 RCPTMAX=50000
[03-Jun-2026 13:11:16 Europe/Berlin] SMTP << 250-8BITMIME
[03-Jun-2026 13:11:16 Europe/Berlin] SMTP << 250-PIPELINING
[03-Jun-2026 13:11:16 Europe/Berlin] SMTP << 250-PIPECONNECT
[03-Jun-2026 13:11:16 Europe/Berlin] SMTP << 250-AUTH PLAIN LOGIN
[03-Jun-2026 13:11:16 Europe/Berlin] SMTP << 250 HELP
[03-Jun-2026 13:11:16 Europe/Berlin] SMTP >> AUTH LOGIN
[03-Jun-2026 13:11:16 Europe/Berlin] SMTP << 334 VXNlcm5hbWU6
[03-Jun-2026 13:11:16 Europe/Berlin] SMTP >> [base64-redacted]
[03-Jun-2026 13:11:16 Europe/Berlin] SMTP << 334 UGFzc3dvcmQ6
[03-Jun-2026 13:11:16 Europe/Berlin] SMTP >> [base64-redacted]
[03-Jun-2026 13:11:17 Europe/Berlin] SMTP << 235 Authentication succeeded
[03-Jun-2026 13:11:17 Europe/Berlin] SMTP >> MAIL FROM:<support@uxpacific.com>
[03-Jun-2026 13:11:17 Europe/Berlin] SMTP << 250 OK
[03-Jun-2026 13:11:17 Europe/Berlin] SMTP >> RCPT TO:<qa.codex.1780485070466@example.com>
[03-Jun-2026 13:11:17 Europe/Berlin] SMTP << 550 "Sorry, you are sending to/from an address that has been blacklisted"
[03-Jun-2026 13:11:17 Europe/Berlin] Mailer SMTP error: SMTP expected 25, got: 550 "Sorry, you are sending to/from an address that has been blacklisted"
[03-Jun-2026 13:11:19 Europe/Berlin] SMTP << 220-sh007.bigrock.com ESMTP Exim 4.99.4 #2 Wed, 03 Jun 2026 16:41:20 +0530
[03-Jun-2026 13:11:19 Europe/Berlin] SMTP << 220-We do not authorize the use of this system to transport unsolicited,
[03-Jun-2026 13:11:19 Europe/Berlin] SMTP << 220 and/or bulk e-mail.
[03-Jun-2026 13:11:19 Europe/Berlin] SMTP >> EHLO LAPTOP-LDCRSE06
[03-Jun-2026 13:11:19 Europe/Berlin] SMTP << 250-sh007.bigrock.com Hello LAPTOP-LDCRSE06 [183.82.198.210]
[03-Jun-2026 13:11:19 Europe/Berlin] SMTP << 250-SIZE 52428800
[03-Jun-2026 13:11:19 Europe/Berlin] SMTP << 250-LIMITS MAILMAX=50 RCPTMAX=50000
[03-Jun-2026 13:11:19 Europe/Berlin] SMTP << 250-8BITMIME
[03-Jun-2026 13:11:19 Europe/Berlin] SMTP << 250-PIPELINING
[03-Jun-2026 13:11:19 Europe/Berlin] SMTP << 250-PIPECONNECT
[03-Jun-2026 13:11:19 Europe/Berlin] SMTP << 250-AUTH PLAIN LOGIN
[03-Jun-2026 13:11:19 Europe/Berlin] SMTP << 250 HELP
[03-Jun-2026 13:11:19 Europe/Berlin] SMTP >> AUTH LOGIN
[03-Jun-2026 13:11:20 Europe/Berlin] SMTP << 334 VXNlcm5hbWU6
[03-Jun-2026 13:11:20 Europe/Berlin] SMTP >> [base64-redacted]
[03-Jun-2026 13:11:20 Europe/Berlin] SMTP << 334 UGFzc3dvcmQ6
[03-Jun-2026 13:11:20 Europe/Berlin] SMTP >> [base64-redacted]
[03-Jun-2026 13:11:21 Europe/Berlin] SMTP << 235 Authentication succeeded
[03-Jun-2026 13:11:21 Europe/Berlin] SMTP >> MAIL FROM:<support@uxpacific.com>
[03-Jun-2026 13:11:21 Europe/Berlin] SMTP << 250 OK
[03-Jun-2026 13:11:21 Europe/Berlin] SMTP >> RCPT TO:<qa.codex.1780485070466@example.com>
[03-Jun-2026 13:11:21 Europe/Berlin] SMTP << 550 "Sorry, you are sending to/from an address that has been blacklisted"
[03-Jun-2026 13:11:21 Europe/Berlin] Mailer SMTP error: SMTP expected 25, got: 550 "Sorry, you are sending to/from an address that has been blacklisted"
[03-Jun-2026 13:11:23 Europe/Berlin] SMTP << 220-sh007.bigrock.com ESMTP Exim 4.99.4 #2 Wed, 03 Jun 2026 16:41:23 +0530
[03-Jun-2026 13:11:23 Europe/Berlin] SMTP << 220-We do not authorize the use of this system to transport unsolicited,
[03-Jun-2026 13:11:23 Europe/Berlin] SMTP << 220 and/or bulk e-mail.
[03-Jun-2026 13:11:23 Europe/Berlin] SMTP >> EHLO LAPTOP-LDCRSE06
[03-Jun-2026 13:11:23 Europe/Berlin] SMTP << 250-sh007.bigrock.com Hello LAPTOP-LDCRSE06 [183.82.198.210]
[03-Jun-2026 13:11:23 Europe/Berlin] SMTP << 250-SIZE 52428800
[03-Jun-2026 13:11:23 Europe/Berlin] SMTP << 250-LIMITS MAILMAX=50 RCPTMAX=50000
[03-Jun-2026 13:11:23 Europe/Berlin] SMTP << 250-8BITMIME
[03-Jun-2026 13:11:23 Europe/Berlin] SMTP << 250-PIPELINING
[03-Jun-2026 13:11:23 Europe/Berlin] SMTP << 250-PIPECONNECT
[03-Jun-2026 13:11:23 Europe/Berlin] SMTP << 250-AUTH PLAIN LOGIN
[03-Jun-2026 13:11:23 Europe/Berlin] SMTP << 250 HELP
[03-Jun-2026 13:11:24 Europe/Berlin] SMTP >> AUTH LOGIN
[03-Jun-2026 13:11:24 Europe/Berlin] SMTP << 334 VXNlcm5hbWU6
[03-Jun-2026 13:11:24 Europe/Berlin] SMTP >> [base64-redacted]
[03-Jun-2026 13:11:24 Europe/Berlin] SMTP << 334 UGFzc3dvcmQ6
[03-Jun-2026 13:11:24 Europe/Berlin] SMTP >> [base64-redacted]
[03-Jun-2026 13:11:28 Europe/Berlin] SMTP << 235 Authentication succeeded
[03-Jun-2026 13:11:28 Europe/Berlin] SMTP >> MAIL FROM:<support@uxpacific.com>
[03-Jun-2026 13:11:29 Europe/Berlin] SMTP << 250 OK
[03-Jun-2026 13:11:29 Europe/Berlin] SMTP >> RCPT TO:<hello@uxpacific.com>
[03-Jun-2026 13:11:33 Europe/Berlin] SMTP << 550 No Such User Here
[03-Jun-2026 13:11:33 Europe/Berlin] Mailer SMTP error: SMTP expected 25, got: 550 No Such User Here
[03-Jun-2026 13:11:35 Europe/Berlin] SMTP << 220-sh007.bigrock.com ESMTP Exim 4.99.4 #2 Wed, 03 Jun 2026 16:41:35 +0530
[03-Jun-2026 13:11:35 Europe/Berlin] SMTP << 220-We do not authorize the use of this system to transport unsolicited,
[03-Jun-2026 13:11:35 Europe/Berlin] SMTP << 220 and/or bulk e-mail.
[03-Jun-2026 13:11:35 Europe/Berlin] SMTP >> EHLO LAPTOP-LDCRSE06
[03-Jun-2026 13:11:35 Europe/Berlin] SMTP << 250-sh007.bigrock.com Hello LAPTOP-LDCRSE06 [183.82.198.210]
[03-Jun-2026 13:11:35 Europe/Berlin] SMTP << 250-SIZE 52428800
[03-Jun-2026 13:11:35 Europe/Berlin] SMTP << 250-LIMITS MAILMAX=50 RCPTMAX=50000
[03-Jun-2026 13:11:35 Europe/Berlin] SMTP << 250-8BITMIME
[03-Jun-2026 13:11:35 Europe/Berlin] SMTP << 250-PIPELINING
[03-Jun-2026 13:11:35 Europe/Berlin] SMTP << 250-PIPECONNECT
[03-Jun-2026 13:11:35 Europe/Berlin] SMTP << 250-AUTH PLAIN LOGIN
[03-Jun-2026 13:11:35 Europe/Berlin] SMTP << 250 HELP
[03-Jun-2026 13:11:35 Europe/Berlin] SMTP >> AUTH LOGIN
[03-Jun-2026 13:11:35 Europe/Berlin] SMTP << 334 VXNlcm5hbWU6
[03-Jun-2026 13:11:35 Europe/Berlin] SMTP >> [base64-redacted]
[03-Jun-2026 13:11:36 Europe/Berlin] SMTP << 334 UGFzc3dvcmQ6
[03-Jun-2026 13:11:36 Europe/Berlin] SMTP >> [base64-redacted]
[03-Jun-2026 13:11:37 Europe/Berlin] SMTP << 235 Authentication succeeded
[03-Jun-2026 13:11:37 Europe/Berlin] SMTP >> MAIL FROM:<support@uxpacific.com>
[03-Jun-2026 13:11:37 Europe/Berlin] SMTP << 250 OK
[03-Jun-2026 13:11:37 Europe/Berlin] SMTP >> RCPT TO:<hello@uxpacific.com>
[03-Jun-2026 13:11:38 Europe/Berlin] SMTP << 550 No Such User Here
[03-Jun-2026 13:11:38 Europe/Berlin] Mailer SMTP error: SMTP expected 25, got: 550 No Such User Here
[03-Jun-2026 13:12:00 Europe/Berlin] SMTP << 220-sh007.bigrock.com ESMTP Exim 4.99.4 #2 Wed, 03 Jun 2026 16:42:00 +0530
[03-Jun-2026 13:12:00 Europe/Berlin] SMTP << 220-We do not authorize the use of this system to transport unsolicited,
[03-Jun-2026 13:12:00 Europe/Berlin] SMTP << 220 and/or bulk e-mail.
[03-Jun-2026 13:12:00 Europe/Berlin] SMTP >> EHLO LAPTOP-LDCRSE06
[03-Jun-2026 13:12:00 Europe/Berlin] SMTP << 250-sh007.bigrock.com Hello LAPTOP-LDCRSE06 [183.82.198.210]
[03-Jun-2026 13:12:00 Europe/Berlin] SMTP << 250-SIZE 52428800
[03-Jun-2026 13:12:00 Europe/Berlin] SMTP << 250-LIMITS MAILMAX=50 RCPTMAX=50000
[03-Jun-2026 13:12:00 Europe/Berlin] SMTP << 250-8BITMIME
[03-Jun-2026 13:12:00 Europe/Berlin] SMTP << 250-PIPELINING
[03-Jun-2026 13:12:00 Europe/Berlin] SMTP << 250-PIPECONNECT
[03-Jun-2026 13:12:00 Europe/Berlin] SMTP << 250-AUTH PLAIN LOGIN
[03-Jun-2026 13:12:00 Europe/Berlin] SMTP << 250 HELP
[03-Jun-2026 13:12:00 Europe/Berlin] SMTP >> AUTH LOGIN
[03-Jun-2026 13:12:00 Europe/Berlin] SMTP << 334 VXNlcm5hbWU6
[03-Jun-2026 13:12:00 Europe/Berlin] SMTP >> [base64-redacted]
[03-Jun-2026 13:12:04 Europe/Berlin] SMTP << 334 UGFzc3dvcmQ6
[03-Jun-2026 13:12:04 Europe/Berlin] SMTP >> [base64-redacted]
[03-Jun-2026 13:12:04 Europe/Berlin] SMTP << 235 Authentication succeeded
[03-Jun-2026 13:12:04 Europe/Berlin] SMTP >> MAIL FROM:<support@uxpacific.com>
[03-Jun-2026 13:12:04 Europe/Berlin] SMTP << 250 OK
[03-Jun-2026 13:12:04 Europe/Berlin] SMTP >> RCPT TO:<qa.codex.1780485118482@example.com>
[03-Jun-2026 13:12:05 Europe/Berlin] SMTP << 550 "Sorry, you are sending to/from an address that has been blacklisted"
[03-Jun-2026 13:12:05 Europe/Berlin] Mailer SMTP error: SMTP expected 25, got: 550 "Sorry, you are sending to/from an address that has been blacklisted"
[03-Jun-2026 13:12:09 Europe/Berlin] SMTP << 220-sh007.bigrock.com ESMTP Exim 4.99.4 #2 Wed, 03 Jun 2026 16:42:07 +0530
[03-Jun-2026 13:12:09 Europe/Berlin] SMTP << 220-We do not authorize the use of this system to transport unsolicited,
[03-Jun-2026 13:12:09 Europe/Berlin] SMTP << 220 and/or bulk e-mail.
[03-Jun-2026 13:12:09 Europe/Berlin] SMTP >> EHLO LAPTOP-LDCRSE06
[03-Jun-2026 13:12:10 Europe/Berlin] SMTP << 250-sh007.bigrock.com Hello LAPTOP-LDCRSE06 [183.82.198.210]
[03-Jun-2026 13:12:10 Europe/Berlin] SMTP << 250-SIZE 52428800
[03-Jun-2026 13:12:10 Europe/Berlin] SMTP << 250-LIMITS MAILMAX=50 RCPTMAX=50000
[03-Jun-2026 13:12:10 Europe/Berlin] SMTP << 250-8BITMIME
[03-Jun-2026 13:12:10 Europe/Berlin] SMTP << 250-PIPELINING
[03-Jun-2026 13:12:10 Europe/Berlin] SMTP << 250-PIPECONNECT
[03-Jun-2026 13:12:10 Europe/Berlin] SMTP << 250-AUTH PLAIN LOGIN
[03-Jun-2026 13:12:10 Europe/Berlin] SMTP << 250 HELP
[03-Jun-2026 13:12:10 Europe/Berlin] SMTP >> AUTH LOGIN
[03-Jun-2026 13:12:10 Europe/Berlin] SMTP << 334 VXNlcm5hbWU6
[03-Jun-2026 13:12:10 Europe/Berlin] SMTP >> [base64-redacted]
[03-Jun-2026 13:12:11 Europe/Berlin] SMTP << 334 UGFzc3dvcmQ6
[03-Jun-2026 13:12:11 Europe/Berlin] SMTP >> [base64-redacted]
[03-Jun-2026 13:12:12 Europe/Berlin] SMTP << 235 Authentication succeeded
[03-Jun-2026 13:12:12 Europe/Berlin] SMTP >> MAIL FROM:<support@uxpacific.com>
[03-Jun-2026 13:12:14 Europe/Berlin] SMTP << 250 OK
[03-Jun-2026 13:12:14 Europe/Berlin] SMTP >> RCPT TO:<qa.codex.1780485118482@example.com>
[03-Jun-2026 13:12:14 Europe/Berlin] SMTP << 550 "Sorry, you are sending to/from an address that has been blacklisted"
[03-Jun-2026 13:12:14 Europe/Berlin] Mailer SMTP error: SMTP expected 25, got: 550 "Sorry, you are sending to/from an address that has been blacklisted"
[03-Jun-2026 13:12:16 Europe/Berlin] SMTP << 220-sh007.bigrock.com ESMTP Exim 4.99.4 #2 Wed, 03 Jun 2026 16:42:16 +0530
[03-Jun-2026 13:12:16 Europe/Berlin] SMTP << 220-We do not authorize the use of this system to transport unsolicited,
[03-Jun-2026 13:12:16 Europe/Berlin] SMTP << 220 and/or bulk e-mail.
[03-Jun-2026 13:12:16 Europe/Berlin] SMTP >> EHLO LAPTOP-LDCRSE06
[03-Jun-2026 13:12:17 Europe/Berlin] SMTP << 250-sh007.bigrock.com Hello LAPTOP-LDCRSE06 [183.82.198.210]
[03-Jun-2026 13:12:17 Europe/Berlin] SMTP << 250-SIZE 52428800
[03-Jun-2026 13:12:17 Europe/Berlin] SMTP << 250-LIMITS MAILMAX=50 RCPTMAX=50000
[03-Jun-2026 13:12:17 Europe/Berlin] SMTP << 250-8BITMIME
[03-Jun-2026 13:12:17 Europe/Berlin] SMTP << 250-PIPELINING
[03-Jun-2026 13:12:17 Europe/Berlin] SMTP << 250-PIPECONNECT
[03-Jun-2026 13:12:17 Europe/Berlin] SMTP << 250-AUTH PLAIN LOGIN
[03-Jun-2026 13:12:17 Europe/Berlin] SMTP << 250 HELP
[03-Jun-2026 13:12:17 Europe/Berlin] SMTP >> AUTH LOGIN
[03-Jun-2026 13:12:17 Europe/Berlin] SMTP << 334 VXNlcm5hbWU6
[03-Jun-2026 13:12:17 Europe/Berlin] SMTP >> [base64-redacted]
[03-Jun-2026 13:12:17 Europe/Berlin] SMTP << 334 UGFzc3dvcmQ6
[03-Jun-2026 13:12:17 Europe/Berlin] SMTP >> [base64-redacted]
[03-Jun-2026 13:12:18 Europe/Berlin] SMTP << 235 Authentication succeeded
[03-Jun-2026 13:12:18 Europe/Berlin] SMTP >> MAIL FROM:<support@uxpacific.com>
[03-Jun-2026 13:12:18 Europe/Berlin] SMTP << 250 OK
[03-Jun-2026 13:12:18 Europe/Berlin] SMTP >> RCPT TO:<qa.codex.1780485118482@example.com>
[03-Jun-2026 13:12:18 Europe/Berlin] SMTP << 550 "Sorry, you are sending to/from an address that has been blacklisted"
[03-Jun-2026 13:12:18 Europe/Berlin] Mailer SMTP error: SMTP expected 25, got: 550 "Sorry, you are sending to/from an address that has been blacklisted"
[03-Jun-2026 13:12:20 Europe/Berlin] SMTP << 220-sh007.bigrock.com ESMTP Exim 4.99.4 #2 Wed, 03 Jun 2026 16:42:20 +0530
[03-Jun-2026 13:12:20 Europe/Berlin] SMTP << 220-We do not authorize the use of this system to transport unsolicited,
[03-Jun-2026 13:12:20 Europe/Berlin] SMTP << 220 and/or bulk e-mail.
[03-Jun-2026 13:12:20 Europe/Berlin] SMTP >> EHLO LAPTOP-LDCRSE06
[03-Jun-2026 13:12:20 Europe/Berlin] SMTP << 250-sh007.bigrock.com Hello LAPTOP-LDCRSE06 [183.82.198.210]
[03-Jun-2026 13:12:20 Europe/Berlin] SMTP << 250-SIZE 52428800
[03-Jun-2026 13:12:20 Europe/Berlin] SMTP << 250-LIMITS MAILMAX=50 RCPTMAX=50000
[03-Jun-2026 13:12:20 Europe/Berlin] SMTP << 250-8BITMIME
[03-Jun-2026 13:12:20 Europe/Berlin] SMTP << 250-PIPELINING
[03-Jun-2026 13:12:20 Europe/Berlin] SMTP << 250-PIPECONNECT
[03-Jun-2026 13:12:20 Europe/Berlin] SMTP << 250-AUTH PLAIN LOGIN
[03-Jun-2026 13:12:20 Europe/Berlin] SMTP << 250 HELP
[03-Jun-2026 13:12:20 Europe/Berlin] SMTP >> AUTH LOGIN
[03-Jun-2026 13:12:20 Europe/Berlin] SMTP << 334 VXNlcm5hbWU6
[03-Jun-2026 13:12:20 Europe/Berlin] SMTP >> [base64-redacted]
[03-Jun-2026 13:12:21 Europe/Berlin] SMTP << 334 UGFzc3dvcmQ6
[03-Jun-2026 13:12:21 Europe/Berlin] SMTP >> [base64-redacted]
[03-Jun-2026 13:12:21 Europe/Berlin] SMTP << 235 Authentication succeeded
[03-Jun-2026 13:12:21 Europe/Berlin] SMTP >> MAIL FROM:<support@uxpacific.com>
[03-Jun-2026 13:12:21 Europe/Berlin] SMTP << 250 OK
[03-Jun-2026 13:12:21 Europe/Berlin] SMTP >> RCPT TO:<hello@uxpacific.com>
[03-Jun-2026 13:12:23 Europe/Berlin] SMTP << 550 No Such User Here
[03-Jun-2026 13:12:23 Europe/Berlin] Mailer SMTP error: SMTP expected 25, got: 550 No Such User Here
[03-Jun-2026 13:12:24 Europe/Berlin] SMTP << 220-sh007.bigrock.com ESMTP Exim 4.99.4 #2 Wed, 03 Jun 2026 16:42:25 +0530
[03-Jun-2026 13:12:24 Europe/Berlin] SMTP << 220-We do not authorize the use of this system to transport unsolicited,
[03-Jun-2026 13:12:24 Europe/Berlin] SMTP << 220 and/or bulk e-mail.
[03-Jun-2026 13:12:24 Europe/Berlin] SMTP >> EHLO LAPTOP-LDCRSE06
[03-Jun-2026 13:12:24 Europe/Berlin] SMTP << 250-sh007.bigrock.com Hello LAPTOP-LDCRSE06 [183.82.198.210]
[03-Jun-2026 13:12:24 Europe/Berlin] SMTP << 250-SIZE 52428800
[03-Jun-2026 13:12:24 Europe/Berlin] SMTP << 250-LIMITS MAILMAX=50 RCPTMAX=50000
[03-Jun-2026 13:12:24 Europe/Berlin] SMTP << 250-8BITMIME
[03-Jun-2026 13:12:24 Europe/Berlin] SMTP << 250-PIPELINING
[03-Jun-2026 13:12:24 Europe/Berlin] SMTP << 250-PIPECONNECT
[03-Jun-2026 13:12:24 Europe/Berlin] SMTP << 250-AUTH PLAIN LOGIN
[03-Jun-2026 13:12:24 Europe/Berlin] SMTP << 250 HELP
[03-Jun-2026 13:12:24 Europe/Berlin] SMTP >> AUTH LOGIN
[03-Jun-2026 13:12:25 Europe/Berlin] SMTP << 334 VXNlcm5hbWU6
[03-Jun-2026 13:12:25 Europe/Berlin] SMTP >> [base64-redacted]
[03-Jun-2026 13:12:31 Europe/Berlin] SMTP << 334 UGFzc3dvcmQ6
[03-Jun-2026 13:12:31 Europe/Berlin] SMTP >> [base64-redacted]
[03-Jun-2026 13:12:31 Europe/Berlin] SMTP << 235 Authentication succeeded
[03-Jun-2026 13:12:31 Europe/Berlin] SMTP >> MAIL FROM:<support@uxpacific.com>
[03-Jun-2026 13:12:32 Europe/Berlin] SMTP << 250 OK
[03-Jun-2026 13:12:32 Europe/Berlin] SMTP >> RCPT TO:<hello@uxpacific.com>
[03-Jun-2026 13:12:32 Europe/Berlin] SMTP << 550 No Such User Here
[03-Jun-2026 13:12:32 Europe/Berlin] Mailer SMTP error: SMTP expected 25, got: 550 No Such User Here
[03-Jun-2026 13:12:53 Europe/Berlin] SMTP << 220-sh007.bigrock.com ESMTP Exim 4.99.4 #2 Wed, 03 Jun 2026 16:42:51 +0530
[03-Jun-2026 13:12:53 Europe/Berlin] SMTP << 220-We do not authorize the use of this system to transport unsolicited,
[03-Jun-2026 13:12:53 Europe/Berlin] SMTP << 220 and/or bulk e-mail.
[03-Jun-2026 13:12:53 Europe/Berlin] SMTP >> EHLO LAPTOP-LDCRSE06
[03-Jun-2026 13:12:55 Europe/Berlin] SMTP << 250-sh007.bigrock.com Hello LAPTOP-LDCRSE06 [183.82.198.210]
[03-Jun-2026 13:12:55 Europe/Berlin] SMTP << 250-SIZE 52428800
[03-Jun-2026 13:12:55 Europe/Berlin] SMTP << 250-LIMITS MAILMAX=50 RCPTMAX=50000
[03-Jun-2026 13:12:55 Europe/Berlin] SMTP << 250-8BITMIME
[03-Jun-2026 13:12:55 Europe/Berlin] SMTP << 250-PIPELINING
[03-Jun-2026 13:12:55 Europe/Berlin] SMTP << 250-PIPECONNECT
[03-Jun-2026 13:12:55 Europe/Berlin] SMTP << 250-AUTH PLAIN LOGIN
[03-Jun-2026 13:12:55 Europe/Berlin] SMTP << 250 HELP
[03-Jun-2026 13:12:55 Europe/Berlin] SMTP >> AUTH LOGIN
[03-Jun-2026 13:12:59 Europe/Berlin] SMTP << 334 VXNlcm5hbWU6
[03-Jun-2026 13:12:59 Europe/Berlin] SMTP >> [base64-redacted]
[03-Jun-2026 13:12:59 Europe/Berlin] SMTP << 334 UGFzc3dvcmQ6
[03-Jun-2026 13:12:59 Europe/Berlin] SMTP >> [base64-redacted]
[03-Jun-2026 13:12:59 Europe/Berlin] SMTP << 235 Authentication succeeded
[03-Jun-2026 13:12:59 Europe/Berlin] SMTP >> MAIL FROM:<support@uxpacific.com>
[03-Jun-2026 13:13:00 Europe/Berlin] SMTP << 250 OK
[03-Jun-2026 13:13:00 Europe/Berlin] SMTP >> RCPT TO:<qa.codex.1780485169112@example.com>
[03-Jun-2026 13:13:00 Europe/Berlin] SMTP << 550 "Sorry, you are sending to/from an address that has been blacklisted"
[03-Jun-2026 13:13:00 Europe/Berlin] Mailer SMTP error: SMTP expected 25, got: 550 "Sorry, you are sending to/from an address that has been blacklisted"
[03-Jun-2026 13:13:05 Europe/Berlin] SMTP << 220-sh007.bigrock.com ESMTP Exim 4.99.4 #2 Wed, 03 Jun 2026 16:43:03 +0530
[03-Jun-2026 13:13:05 Europe/Berlin] SMTP << 220-We do not authorize the use of this system to transport unsolicited,
[03-Jun-2026 13:13:05 Europe/Berlin] SMTP << 220 and/or bulk e-mail.
[03-Jun-2026 13:13:05 Europe/Berlin] SMTP >> EHLO LAPTOP-LDCRSE06
[03-Jun-2026 13:13:06 Europe/Berlin] SMTP << 250-sh007.bigrock.com Hello LAPTOP-LDCRSE06 [183.82.198.210]
[03-Jun-2026 13:13:06 Europe/Berlin] SMTP << 250-SIZE 52428800
[03-Jun-2026 13:13:06 Europe/Berlin] SMTP << 250-LIMITS MAILMAX=50 RCPTMAX=50000
[03-Jun-2026 13:13:06 Europe/Berlin] SMTP << 250-8BITMIME
[03-Jun-2026 13:13:06 Europe/Berlin] SMTP << 250-PIPELINING
[03-Jun-2026 13:13:06 Europe/Berlin] SMTP << 250-PIPECONNECT
[03-Jun-2026 13:13:06 Europe/Berlin] SMTP << 250-AUTH PLAIN LOGIN
[03-Jun-2026 13:13:06 Europe/Berlin] SMTP << 250 HELP
[03-Jun-2026 13:13:06 Europe/Berlin] SMTP >> AUTH LOGIN
[03-Jun-2026 13:13:07 Europe/Berlin] SMTP << 334 VXNlcm5hbWU6
[03-Jun-2026 13:13:07 Europe/Berlin] SMTP >> [base64-redacted]
[03-Jun-2026 13:13:08 Europe/Berlin] SMTP << 334 UGFzc3dvcmQ6
[03-Jun-2026 13:13:08 Europe/Berlin] SMTP >> [base64-redacted]
[03-Jun-2026 13:13:08 Europe/Berlin] SMTP << 235 Authentication succeeded
[03-Jun-2026 13:13:08 Europe/Berlin] SMTP >> MAIL FROM:<support@uxpacific.com>
[03-Jun-2026 13:13:08 Europe/Berlin] SMTP << 250 OK
[03-Jun-2026 13:13:08 Europe/Berlin] SMTP >> RCPT TO:<qa.codex.1780485169112@example.com>
[03-Jun-2026 13:13:10 Europe/Berlin] SMTP << 550 "Sorry, you are sending to/from an address that has been blacklisted"
[03-Jun-2026 13:13:10 Europe/Berlin] Mailer SMTP error: SMTP expected 25, got: 550 "Sorry, you are sending to/from an address that has been blacklisted"
[03-Jun-2026 13:13:11 Europe/Berlin] SMTP << 220-sh007.bigrock.com ESMTP Exim 4.99.4 #2 Wed, 03 Jun 2026 16:43:12 +0530
[03-Jun-2026 13:13:11 Europe/Berlin] SMTP << 220-We do not authorize the use of this system to transport unsolicited,
[03-Jun-2026 13:13:11 Europe/Berlin] SMTP << 220 and/or bulk e-mail.
[03-Jun-2026 13:13:11 Europe/Berlin] SMTP >> EHLO LAPTOP-LDCRSE06
[03-Jun-2026 13:13:12 Europe/Berlin] SMTP << 250-sh007.bigrock.com Hello LAPTOP-LDCRSE06 [183.82.198.210]
[03-Jun-2026 13:13:12 Europe/Berlin] SMTP << 250-SIZE 52428800
[03-Jun-2026 13:13:12 Europe/Berlin] SMTP << 250-LIMITS MAILMAX=50 RCPTMAX=50000
[03-Jun-2026 13:13:12 Europe/Berlin] SMTP << 250-8BITMIME
[03-Jun-2026 13:13:12 Europe/Berlin] SMTP << 250-PIPELINING
[03-Jun-2026 13:13:12 Europe/Berlin] SMTP << 250-PIPECONNECT
[03-Jun-2026 13:13:12 Europe/Berlin] SMTP << 250-AUTH PLAIN LOGIN
[03-Jun-2026 13:13:12 Europe/Berlin] SMTP << 250 HELP
[03-Jun-2026 13:13:12 Europe/Berlin] SMTP >> AUTH LOGIN
[03-Jun-2026 13:13:12 Europe/Berlin] SMTP << 334 VXNlcm5hbWU6
[03-Jun-2026 13:13:12 Europe/Berlin] SMTP >> [base64-redacted]
[03-Jun-2026 13:13:12 Europe/Berlin] SMTP << 334 UGFzc3dvcmQ6
[03-Jun-2026 13:13:12 Europe/Berlin] SMTP >> [base64-redacted]
[03-Jun-2026 13:13:13 Europe/Berlin] SMTP << 235 Authentication succeeded
[03-Jun-2026 13:13:13 Europe/Berlin] SMTP >> MAIL FROM:<support@uxpacific.com>
[03-Jun-2026 13:13:13 Europe/Berlin] SMTP << 250 OK
[03-Jun-2026 13:13:13 Europe/Berlin] SMTP >> RCPT TO:<qa.codex.1780485169112@example.com>
[03-Jun-2026 13:13:13 Europe/Berlin] SMTP << 550 "Sorry, you are sending to/from an address that has been blacklisted"
[03-Jun-2026 13:13:13 Europe/Berlin] Mailer SMTP error: SMTP expected 25, got: 550 "Sorry, you are sending to/from an address that has been blacklisted"
[03-Jun-2026 13:13:15 Europe/Berlin] SMTP << 220-sh007.bigrock.com ESMTP Exim 4.99.4 #2 Wed, 03 Jun 2026 16:43:15 +0530
[03-Jun-2026 13:13:15 Europe/Berlin] SMTP << 220-We do not authorize the use of this system to transport unsolicited,
[03-Jun-2026 13:13:15 Europe/Berlin] SMTP << 220 and/or bulk e-mail.
[03-Jun-2026 13:13:15 Europe/Berlin] SMTP >> EHLO LAPTOP-LDCRSE06
[03-Jun-2026 13:13:15 Europe/Berlin] SMTP << 250-sh007.bigrock.com Hello LAPTOP-LDCRSE06 [183.82.198.210]
[03-Jun-2026 13:13:15 Europe/Berlin] SMTP << 250-SIZE 52428800
[03-Jun-2026 13:13:15 Europe/Berlin] SMTP << 250-LIMITS MAILMAX=50 RCPTMAX=50000
[03-Jun-2026 13:13:15 Europe/Berlin] SMTP << 250-8BITMIME
[03-Jun-2026 13:13:15 Europe/Berlin] SMTP << 250-PIPELINING
[03-Jun-2026 13:13:15 Europe/Berlin] SMTP << 250-PIPECONNECT
[03-Jun-2026 13:13:15 Europe/Berlin] SMTP << 250-AUTH PLAIN LOGIN
[03-Jun-2026 13:13:15 Europe/Berlin] SMTP << 250 HELP
[03-Jun-2026 13:13:15 Europe/Berlin] SMTP >> AUTH LOGIN
[03-Jun-2026 13:13:16 Europe/Berlin] SMTP << 334 VXNlcm5hbWU6
[03-Jun-2026 13:13:16 Europe/Berlin] SMTP >> [base64-redacted]
[03-Jun-2026 13:13:16 Europe/Berlin] SMTP << 334 UGFzc3dvcmQ6
[03-Jun-2026 13:13:16 Europe/Berlin] SMTP >> [base64-redacted]
[03-Jun-2026 13:13:16 Europe/Berlin] SMTP << 235 Authentication succeeded
[03-Jun-2026 13:13:16 Europe/Berlin] SMTP >> MAIL FROM:<support@uxpacific.com>
[03-Jun-2026 13:13:17 Europe/Berlin] SMTP << 250 OK
[03-Jun-2026 13:13:17 Europe/Berlin] SMTP >> RCPT TO:<hello@uxpacific.com>
[03-Jun-2026 13:13:17 Europe/Berlin] SMTP << 550 No Such User Here
[03-Jun-2026 13:13:17 Europe/Berlin] Mailer SMTP error: SMTP expected 25, got: 550 No Such User Here
[03-Jun-2026 13:13:18 Europe/Berlin] SMTP << 220-sh007.bigrock.com ESMTP Exim 4.99.4 #2 Wed, 03 Jun 2026 16:43:19 +0530
[03-Jun-2026 13:13:18 Europe/Berlin] SMTP << 220-We do not authorize the use of this system to transport unsolicited,
[03-Jun-2026 13:13:18 Europe/Berlin] SMTP << 220 and/or bulk e-mail.
[03-Jun-2026 13:13:18 Europe/Berlin] SMTP >> EHLO LAPTOP-LDCRSE06
[03-Jun-2026 13:13:19 Europe/Berlin] SMTP << 250-sh007.bigrock.com Hello LAPTOP-LDCRSE06 [183.82.198.210]
[03-Jun-2026 13:13:19 Europe/Berlin] SMTP << 250-SIZE 52428800
[03-Jun-2026 13:13:19 Europe/Berlin] SMTP << 250-LIMITS MAILMAX=50 RCPTMAX=50000
[03-Jun-2026 13:13:19 Europe/Berlin] SMTP << 250-8BITMIME
[03-Jun-2026 13:13:19 Europe/Berlin] SMTP << 250-PIPELINING
[03-Jun-2026 13:13:19 Europe/Berlin] SMTP << 250-PIPECONNECT
[03-Jun-2026 13:13:19 Europe/Berlin] SMTP << 250-AUTH PLAIN LOGIN
[03-Jun-2026 13:13:19 Europe/Berlin] SMTP << 250 HELP
[03-Jun-2026 13:13:19 Europe/Berlin] SMTP >> AUTH LOGIN
[03-Jun-2026 13:13:19 Europe/Berlin] SMTP << 334 VXNlcm5hbWU6
[03-Jun-2026 13:13:19 Europe/Berlin] SMTP >> [base64-redacted]
[03-Jun-2026 13:13:19 Europe/Berlin] SMTP << 334 UGFzc3dvcmQ6
[03-Jun-2026 13:13:19 Europe/Berlin] SMTP >> [base64-redacted]
[03-Jun-2026 13:13:20 Europe/Berlin] SMTP << 235 Authentication succeeded
[03-Jun-2026 13:13:20 Europe/Berlin] SMTP >> MAIL FROM:<support@uxpacific.com>
[03-Jun-2026 13:13:21 Europe/Berlin] SMTP << 250 OK
[03-Jun-2026 13:13:21 Europe/Berlin] SMTP >> RCPT TO:<hello@uxpacific.com>
[03-Jun-2026 13:13:21 Europe/Berlin] SMTP << 550 No Such User Here
[03-Jun-2026 13:13:21 Europe/Berlin] Mailer SMTP error: SMTP expected 25, got: 550 No Such User Here
[03-Jun-2026 13:13:49 Europe/Berlin] SMTP << 220-sh007.bigrock.com ESMTP Exim 4.99.4 #2 Wed, 03 Jun 2026 16:43:49 +0530
[03-Jun-2026 13:13:49 Europe/Berlin] SMTP << 220-We do not authorize the use of this system to transport unsolicited,
[03-Jun-2026 13:13:49 Europe/Berlin] SMTP << 220 and/or bulk e-mail.
[03-Jun-2026 13:13:49 Europe/Berlin] SMTP >> EHLO LAPTOP-LDCRSE06
[03-Jun-2026 13:13:49 Europe/Berlin] SMTP << 250-sh007.bigrock.com Hello LAPTOP-LDCRSE06 [183.82.198.210]
[03-Jun-2026 13:13:49 Europe/Berlin] SMTP << 250-SIZE 52428800
[03-Jun-2026 13:13:49 Europe/Berlin] SMTP << 250-LIMITS MAILMAX=50 RCPTMAX=50000
[03-Jun-2026 13:13:49 Europe/Berlin] SMTP << 250-8BITMIME
[03-Jun-2026 13:13:49 Europe/Berlin] SMTP << 250-PIPELINING
[03-Jun-2026 13:13:49 Europe/Berlin] SMTP << 250-PIPECONNECT
[03-Jun-2026 13:13:49 Europe/Berlin] SMTP << 250-AUTH PLAIN LOGIN
[03-Jun-2026 13:13:49 Europe/Berlin] SMTP << 250 HELP
[03-Jun-2026 13:13:49 Europe/Berlin] SMTP >> AUTH LOGIN
[03-Jun-2026 13:13:50 Europe/Berlin] SMTP << 334 VXNlcm5hbWU6
[03-Jun-2026 13:13:50 Europe/Berlin] SMTP >> [base64-redacted]
[03-Jun-2026 13:13:50 Europe/Berlin] SMTP << 334 UGFzc3dvcmQ6
[03-Jun-2026 13:13:50 Europe/Berlin] SMTP >> [base64-redacted]
[03-Jun-2026 13:13:51 Europe/Berlin] SMTP << 235 Authentication succeeded
[03-Jun-2026 13:13:51 Europe/Berlin] SMTP >> MAIL FROM:<support@uxpacific.com>
[03-Jun-2026 13:13:51 Europe/Berlin] SMTP << 250 OK
[03-Jun-2026 13:13:51 Europe/Berlin] SMTP >> RCPT TO:<qa.codex.1780485222021@example.com>
[03-Jun-2026 13:13:51 Europe/Berlin] SMTP << 550 "Sorry, you are sending to/from an address that has been blacklisted"
[03-Jun-2026 13:13:51 Europe/Berlin] Mailer SMTP error: SMTP expected 25, got: 550 "Sorry, you are sending to/from an address that has been blacklisted"
[03-Jun-2026 13:13:53 Europe/Berlin] SMTP << 220-sh007.bigrock.com ESMTP Exim 4.99.4 #2 Wed, 03 Jun 2026 16:43:54 +0530
[03-Jun-2026 13:13:53 Europe/Berlin] SMTP << 220-We do not authorize the use of this system to transport unsolicited,
[03-Jun-2026 13:13:53 Europe/Berlin] SMTP << 220 and/or bulk e-mail.
[03-Jun-2026 13:13:53 Europe/Berlin] SMTP >> EHLO LAPTOP-LDCRSE06
[03-Jun-2026 13:13:54 Europe/Berlin] SMTP << 250-sh007.bigrock.com Hello LAPTOP-LDCRSE06 [183.82.198.210]
[03-Jun-2026 13:13:54 Europe/Berlin] SMTP << 250-SIZE 52428800
[03-Jun-2026 13:13:54 Europe/Berlin] SMTP << 250-LIMITS MAILMAX=50 RCPTMAX=50000
[03-Jun-2026 13:13:54 Europe/Berlin] SMTP << 250-8BITMIME
[03-Jun-2026 13:13:54 Europe/Berlin] SMTP << 250-PIPELINING
[03-Jun-2026 13:13:54 Europe/Berlin] SMTP << 250-PIPECONNECT
[03-Jun-2026 13:13:54 Europe/Berlin] SMTP << 250-AUTH PLAIN LOGIN
[03-Jun-2026 13:13:54 Europe/Berlin] SMTP << 250 HELP
[03-Jun-2026 13:13:54 Europe/Berlin] SMTP >> AUTH LOGIN
[03-Jun-2026 13:13:54 Europe/Berlin] SMTP << 334 VXNlcm5hbWU6
[03-Jun-2026 13:13:54 Europe/Berlin] SMTP >> [base64-redacted]
[03-Jun-2026 13:13:54 Europe/Berlin] SMTP << 334 UGFzc3dvcmQ6
[03-Jun-2026 13:13:54 Europe/Berlin] SMTP >> [base64-redacted]
[03-Jun-2026 13:13:55 Europe/Berlin] SMTP << 235 Authentication succeeded
[03-Jun-2026 13:13:55 Europe/Berlin] SMTP >> MAIL FROM:<support@uxpacific.com>
[03-Jun-2026 13:13:55 Europe/Berlin] SMTP << 250 OK
[03-Jun-2026 13:13:55 Europe/Berlin] SMTP >> RCPT TO:<qa.codex.1780485222021@example.com>
[03-Jun-2026 13:13:55 Europe/Berlin] SMTP << 550 "Sorry, you are sending to/from an address that has been blacklisted"
[03-Jun-2026 13:13:55 Europe/Berlin] Mailer SMTP error: SMTP expected 25, got: 550 "Sorry, you are sending to/from an address that has been blacklisted"
[03-Jun-2026 13:13:59 Europe/Berlin] SMTP << 220-sh007.bigrock.com ESMTP Exim 4.99.4 #2 Wed, 03 Jun 2026 16:43:57 +0530
[03-Jun-2026 13:13:59 Europe/Berlin] SMTP << 220-We do not authorize the use of this system to transport unsolicited,
[03-Jun-2026 13:13:59 Europe/Berlin] SMTP << 220 and/or bulk e-mail.
[03-Jun-2026 13:13:59 Europe/Berlin] SMTP >> EHLO LAPTOP-LDCRSE06
[03-Jun-2026 13:14:00 Europe/Berlin] SMTP << 250-sh007.bigrock.com Hello LAPTOP-LDCRSE06 [183.82.198.210]
[03-Jun-2026 13:14:00 Europe/Berlin] SMTP << 250-SIZE 52428800
[03-Jun-2026 13:14:00 Europe/Berlin] SMTP << 250-LIMITS MAILMAX=50 RCPTMAX=50000
[03-Jun-2026 13:14:00 Europe/Berlin] SMTP << 250-8BITMIME
[03-Jun-2026 13:14:00 Europe/Berlin] SMTP << 250-PIPELINING
[03-Jun-2026 13:14:00 Europe/Berlin] SMTP << 250-PIPECONNECT
[03-Jun-2026 13:14:00 Europe/Berlin] SMTP << 250-AUTH PLAIN LOGIN
[03-Jun-2026 13:14:00 Europe/Berlin] SMTP << 250 HELP
[03-Jun-2026 13:14:00 Europe/Berlin] SMTP >> AUTH LOGIN
[03-Jun-2026 13:14:00 Europe/Berlin] SMTP << 334 VXNlcm5hbWU6
[03-Jun-2026 13:14:00 Europe/Berlin] SMTP >> [base64-redacted]
[03-Jun-2026 13:14:01 Europe/Berlin] SMTP << 334 UGFzc3dvcmQ6
[03-Jun-2026 13:14:01 Europe/Berlin] SMTP >> [base64-redacted]
[03-Jun-2026 13:14:03 Europe/Berlin] SMTP << 235 Authentication succeeded
[03-Jun-2026 13:14:03 Europe/Berlin] SMTP >> MAIL FROM:<support@uxpacific.com>
[03-Jun-2026 13:14:04 Europe/Berlin] SMTP << 250 OK
[03-Jun-2026 13:14:04 Europe/Berlin] SMTP >> RCPT TO:<qa.codex.1780485222021@example.com>
[03-Jun-2026 13:14:04 Europe/Berlin] SMTP << 550 "Sorry, you are sending to/from an address that has been blacklisted"
[03-Jun-2026 13:14:04 Europe/Berlin] Mailer SMTP error: SMTP expected 25, got: 550 "Sorry, you are sending to/from an address that has been blacklisted"
[03-Jun-2026 13:14:06 Europe/Berlin] SMTP << 220-sh007.bigrock.com ESMTP Exim 4.99.4 #2 Wed, 03 Jun 2026 16:44:06 +0530
[03-Jun-2026 13:14:06 Europe/Berlin] SMTP << 220-We do not authorize the use of this system to transport unsolicited,
[03-Jun-2026 13:14:06 Europe/Berlin] SMTP << 220 and/or bulk e-mail.
[03-Jun-2026 13:14:06 Europe/Berlin] SMTP >> EHLO LAPTOP-LDCRSE06
[03-Jun-2026 13:14:06 Europe/Berlin] SMTP << 250-sh007.bigrock.com Hello LAPTOP-LDCRSE06 [183.82.198.210]
[03-Jun-2026 13:14:06 Europe/Berlin] SMTP << 250-SIZE 52428800
[03-Jun-2026 13:14:06 Europe/Berlin] SMTP << 250-LIMITS MAILMAX=50 RCPTMAX=50000
[03-Jun-2026 13:14:06 Europe/Berlin] SMTP << 250-8BITMIME
[03-Jun-2026 13:14:06 Europe/Berlin] SMTP << 250-PIPELINING
[03-Jun-2026 13:14:06 Europe/Berlin] SMTP << 250-PIPECONNECT
[03-Jun-2026 13:14:06 Europe/Berlin] SMTP << 250-AUTH PLAIN LOGIN
[03-Jun-2026 13:14:06 Europe/Berlin] SMTP << 250 HELP
[03-Jun-2026 13:14:06 Europe/Berlin] SMTP >> AUTH LOGIN
[03-Jun-2026 13:14:06 Europe/Berlin] SMTP << 334 VXNlcm5hbWU6
[03-Jun-2026 13:14:06 Europe/Berlin] SMTP >> [base64-redacted]
[03-Jun-2026 13:14:07 Europe/Berlin] SMTP << 334 UGFzc3dvcmQ6
[03-Jun-2026 13:14:07 Europe/Berlin] SMTP >> [base64-redacted]
[03-Jun-2026 13:14:07 Europe/Berlin] SMTP << 235 Authentication succeeded
[03-Jun-2026 13:14:07 Europe/Berlin] SMTP >> MAIL FROM:<support@uxpacific.com>
[03-Jun-2026 13:14:08 Europe/Berlin] SMTP << 250 OK
[03-Jun-2026 13:14:08 Europe/Berlin] SMTP >> RCPT TO:<hello@uxpacific.com>
[03-Jun-2026 13:14:08 Europe/Berlin] SMTP << 550 No Such User Here
[03-Jun-2026 13:14:08 Europe/Berlin] Mailer SMTP error: SMTP expected 25, got: 550 No Such User Here
[03-Jun-2026 13:14:09 Europe/Berlin] SMTP << 220-sh007.bigrock.com ESMTP Exim 4.99.4 #2 Wed, 03 Jun 2026 16:44:10 +0530
[03-Jun-2026 13:14:09 Europe/Berlin] SMTP << 220-We do not authorize the use of this system to transport unsolicited,
[03-Jun-2026 13:14:09 Europe/Berlin] SMTP << 220 and/or bulk e-mail.
[03-Jun-2026 13:14:09 Europe/Berlin] SMTP >> EHLO LAPTOP-LDCRSE06
[03-Jun-2026 13:14:11 Europe/Berlin] SMTP << 250-sh007.bigrock.com Hello LAPTOP-LDCRSE06 [183.82.198.210]
[03-Jun-2026 13:14:11 Europe/Berlin] SMTP << 250-SIZE 52428800
[03-Jun-2026 13:14:11 Europe/Berlin] SMTP << 250-LIMITS MAILMAX=50 RCPTMAX=50000
[03-Jun-2026 13:14:11 Europe/Berlin] SMTP << 250-8BITMIME
[03-Jun-2026 13:14:11 Europe/Berlin] SMTP << 250-PIPELINING
[03-Jun-2026 13:14:11 Europe/Berlin] SMTP << 250-PIPECONNECT
[03-Jun-2026 13:14:11 Europe/Berlin] SMTP << 250-AUTH PLAIN LOGIN
[03-Jun-2026 13:14:11 Europe/Berlin] SMTP << 250 HELP
[03-Jun-2026 13:14:11 Europe/Berlin] SMTP >> AUTH LOGIN
[03-Jun-2026 13:14:11 Europe/Berlin] SMTP << 334 VXNlcm5hbWU6
[03-Jun-2026 13:14:11 Europe/Berlin] SMTP >> [base64-redacted]
[03-Jun-2026 13:14:12 Europe/Berlin] SMTP << 334 UGFzc3dvcmQ6
[03-Jun-2026 13:14:12 Europe/Berlin] SMTP >> [base64-redacted]
[03-Jun-2026 13:14:13 Europe/Berlin] SMTP << 235 Authentication succeeded
[03-Jun-2026 13:14:13 Europe/Berlin] SMTP >> MAIL FROM:<support@uxpacific.com>
[03-Jun-2026 13:14:13 Europe/Berlin] SMTP << 250 OK
[03-Jun-2026 13:14:13 Europe/Berlin] SMTP >> RCPT TO:<hello@uxpacific.com>
[03-Jun-2026 13:14:13 Europe/Berlin] SMTP << 550 No Such User Here
[03-Jun-2026 13:14:13 Europe/Berlin] Mailer SMTP error: SMTP expected 25, got: 550 No Such User Here
[03-Jun-2026 13:14:59 Europe/Berlin] SMTP << 220-sh007.bigrock.com ESMTP Exim 4.99.4 #2 Wed, 03 Jun 2026 16:44:59 +0530
[03-Jun-2026 13:14:59 Europe/Berlin] SMTP << 220-We do not authorize the use of this system to transport unsolicited,
[03-Jun-2026 13:14:59 Europe/Berlin] SMTP << 220 and/or bulk e-mail.
[03-Jun-2026 13:14:59 Europe/Berlin] SMTP >> EHLO LAPTOP-LDCRSE06
[03-Jun-2026 13:14:59 Europe/Berlin] SMTP << 250-sh007.bigrock.com Hello LAPTOP-LDCRSE06 [183.82.198.210]
[03-Jun-2026 13:14:59 Europe/Berlin] SMTP << 250-SIZE 52428800
[03-Jun-2026 13:14:59 Europe/Berlin] SMTP << 250-LIMITS MAILMAX=50 RCPTMAX=50000
[03-Jun-2026 13:14:59 Europe/Berlin] SMTP << 250-8BITMIME
[03-Jun-2026 13:14:59 Europe/Berlin] SMTP << 250-PIPELINING
[03-Jun-2026 13:14:59 Europe/Berlin] SMTP << 250-PIPECONNECT
[03-Jun-2026 13:14:59 Europe/Berlin] SMTP << 250-AUTH PLAIN LOGIN
[03-Jun-2026 13:14:59 Europe/Berlin] SMTP << 250 HELP
[03-Jun-2026 13:14:59 Europe/Berlin] SMTP >> AUTH LOGIN
[03-Jun-2026 13:14:59 Europe/Berlin] SMTP << 334 VXNlcm5hbWU6
[03-Jun-2026 13:14:59 Europe/Berlin] SMTP >> [base64-redacted]
[03-Jun-2026 13:15:00 Europe/Berlin] SMTP << 334 UGFzc3dvcmQ6
[03-Jun-2026 13:15:00 Europe/Berlin] SMTP >> [base64-redacted]
[03-Jun-2026 13:15:00 Europe/Berlin] SMTP << 235 Authentication succeeded
[03-Jun-2026 13:15:00 Europe/Berlin] SMTP >> MAIL FROM:<support@uxpacific.com>
[03-Jun-2026 13:15:00 Europe/Berlin] SMTP << 250 OK
[03-Jun-2026 13:15:00 Europe/Berlin] SMTP >> RCPT TO:<qa.codex.1780485297553@example.com>
[03-Jun-2026 13:15:01 Europe/Berlin] SMTP << 550 "Sorry, you are sending to/from an address that has been blacklisted"
[03-Jun-2026 13:15:01 Europe/Berlin] Mailer SMTP error: SMTP expected 25, got: 550 "Sorry, you are sending to/from an address that has been blacklisted"
[03-Jun-2026 13:15:03 Europe/Berlin] SMTP << 220-sh007.bigrock.com ESMTP Exim 4.99.4 #2 Wed, 03 Jun 2026 16:45:03 +0530
[03-Jun-2026 13:15:03 Europe/Berlin] SMTP << 220-We do not authorize the use of this system to transport unsolicited,
[03-Jun-2026 13:15:03 Europe/Berlin] SMTP << 220 and/or bulk e-mail.
[03-Jun-2026 13:15:03 Europe/Berlin] SMTP >> EHLO LAPTOP-LDCRSE06
[03-Jun-2026 13:15:03 Europe/Berlin] SMTP << 250-sh007.bigrock.com Hello LAPTOP-LDCRSE06 [183.82.198.210]
[03-Jun-2026 13:15:03 Europe/Berlin] SMTP << 250-SIZE 52428800
[03-Jun-2026 13:15:03 Europe/Berlin] SMTP << 250-LIMITS MAILMAX=50 RCPTMAX=50000
[03-Jun-2026 13:15:03 Europe/Berlin] SMTP << 250-8BITMIME
[03-Jun-2026 13:15:03 Europe/Berlin] SMTP << 250-PIPELINING
[03-Jun-2026 13:15:03 Europe/Berlin] SMTP << 250-PIPECONNECT
[03-Jun-2026 13:15:03 Europe/Berlin] SMTP << 250-AUTH PLAIN LOGIN
[03-Jun-2026 13:15:03 Europe/Berlin] SMTP << 250 HELP
[03-Jun-2026 13:15:03 Europe/Berlin] SMTP >> AUTH LOGIN
[03-Jun-2026 13:15:03 Europe/Berlin] SMTP << 334 VXNlcm5hbWU6
[03-Jun-2026 13:15:03 Europe/Berlin] SMTP >> [base64-redacted]
[03-Jun-2026 13:15:04 Europe/Berlin] SMTP << 334 UGFzc3dvcmQ6
[03-Jun-2026 13:15:04 Europe/Berlin] SMTP >> [base64-redacted]
[03-Jun-2026 13:15:04 Europe/Berlin] SMTP << 235 Authentication succeeded
[03-Jun-2026 13:15:04 Europe/Berlin] SMTP >> MAIL FROM:<support@uxpacific.com>
[03-Jun-2026 13:15:04 Europe/Berlin] SMTP << 250 OK
[03-Jun-2026 13:15:04 Europe/Berlin] SMTP >> RCPT TO:<qa.codex.1780485297553@example.com>
[03-Jun-2026 13:15:05 Europe/Berlin] SMTP << 550 "Sorry, you are sending to/from an address that has been blacklisted"
[03-Jun-2026 13:15:05 Europe/Berlin] Mailer SMTP error: SMTP expected 25, got: 550 "Sorry, you are sending to/from an address that has been blacklisted"
[03-Jun-2026 13:15:06 Europe/Berlin] SMTP << 220-sh007.bigrock.com ESMTP Exim 4.99.4 #2 Wed, 03 Jun 2026 16:45:07 +0530
[03-Jun-2026 13:15:06 Europe/Berlin] SMTP << 220-We do not authorize the use of this system to transport unsolicited,
[03-Jun-2026 13:15:06 Europe/Berlin] SMTP << 220 and/or bulk e-mail.
[03-Jun-2026 13:15:06 Europe/Berlin] SMTP >> EHLO LAPTOP-LDCRSE06
[03-Jun-2026 13:15:07 Europe/Berlin] SMTP << 250-sh007.bigrock.com Hello LAPTOP-LDCRSE06 [183.82.198.210]
[03-Jun-2026 13:15:07 Europe/Berlin] SMTP << 250-SIZE 52428800
[03-Jun-2026 13:15:07 Europe/Berlin] SMTP << 250-LIMITS MAILMAX=50 RCPTMAX=50000
[03-Jun-2026 13:15:07 Europe/Berlin] SMTP << 250-8BITMIME
[03-Jun-2026 13:15:07 Europe/Berlin] SMTP << 250-PIPELINING
[03-Jun-2026 13:15:07 Europe/Berlin] SMTP << 250-PIPECONNECT
[03-Jun-2026 13:15:07 Europe/Berlin] SMTP << 250-AUTH PLAIN LOGIN
[03-Jun-2026 13:15:07 Europe/Berlin] SMTP << 250 HELP
[03-Jun-2026 13:15:07 Europe/Berlin] SMTP >> AUTH LOGIN
[03-Jun-2026 13:15:07 Europe/Berlin] SMTP << 334 VXNlcm5hbWU6
[03-Jun-2026 13:15:07 Europe/Berlin] SMTP >> [base64-redacted]
[03-Jun-2026 13:15:07 Europe/Berlin] SMTP << 334 UGFzc3dvcmQ6
[03-Jun-2026 13:15:07 Europe/Berlin] SMTP >> [base64-redacted]
[03-Jun-2026 13:15:07 Europe/Berlin] SMTP << 235 Authentication succeeded
[03-Jun-2026 13:15:07 Europe/Berlin] SMTP >> MAIL FROM:<support@uxpacific.com>
[03-Jun-2026 13:15:08 Europe/Berlin] SMTP << 250 OK
[03-Jun-2026 13:15:08 Europe/Berlin] SMTP >> RCPT TO:<qa.codex.1780485297553@example.com>
[03-Jun-2026 13:15:08 Europe/Berlin] SMTP << 550 "Sorry, you are sending to/from an address that has been blacklisted"
[03-Jun-2026 13:15:08 Europe/Berlin] Mailer SMTP error: SMTP expected 25, got: 550 "Sorry, you are sending to/from an address that has been blacklisted"
[03-Jun-2026 13:15:10 Europe/Berlin] SMTP << 220-sh007.bigrock.com ESMTP Exim 4.99.4 #2 Wed, 03 Jun 2026 16:45:10 +0530
[03-Jun-2026 13:15:10 Europe/Berlin] SMTP << 220-We do not authorize the use of this system to transport unsolicited,
[03-Jun-2026 13:15:10 Europe/Berlin] SMTP << 220 and/or bulk e-mail.
[03-Jun-2026 13:15:10 Europe/Berlin] SMTP >> EHLO LAPTOP-LDCRSE06
[03-Jun-2026 13:15:10 Europe/Berlin] SMTP << 250-sh007.bigrock.com Hello LAPTOP-LDCRSE06 [183.82.198.210]
[03-Jun-2026 13:15:10 Europe/Berlin] SMTP << 250-SIZE 52428800
[03-Jun-2026 13:15:10 Europe/Berlin] SMTP << 250-LIMITS MAILMAX=50 RCPTMAX=50000
[03-Jun-2026 13:15:10 Europe/Berlin] SMTP << 250-8BITMIME
[03-Jun-2026 13:15:10 Europe/Berlin] SMTP << 250-PIPELINING
[03-Jun-2026 13:15:10 Europe/Berlin] SMTP << 250-PIPECONNECT
[03-Jun-2026 13:15:10 Europe/Berlin] SMTP << 250-AUTH PLAIN LOGIN
[03-Jun-2026 13:15:10 Europe/Berlin] SMTP << 250 HELP
[03-Jun-2026 13:15:10 Europe/Berlin] SMTP >> AUTH LOGIN
[03-Jun-2026 13:15:10 Europe/Berlin] SMTP << 334 VXNlcm5hbWU6
[03-Jun-2026 13:15:10 Europe/Berlin] SMTP >> [base64-redacted]
[03-Jun-2026 13:15:11 Europe/Berlin] SMTP << 334 UGFzc3dvcmQ6
[03-Jun-2026 13:15:11 Europe/Berlin] SMTP >> [base64-redacted]
[03-Jun-2026 13:15:11 Europe/Berlin] SMTP << 235 Authentication succeeded
[03-Jun-2026 13:15:11 Europe/Berlin] SMTP >> MAIL FROM:<support@uxpacific.com>
[03-Jun-2026 13:15:11 Europe/Berlin] SMTP << 250 OK
[03-Jun-2026 13:15:11 Europe/Berlin] SMTP >> RCPT TO:<hello@uxpacific.com>
[03-Jun-2026 13:15:12 Europe/Berlin] SMTP << 550 No Such User Here
[03-Jun-2026 13:15:12 Europe/Berlin] Mailer SMTP error: SMTP expected 25, got: 550 No Such User Here
[03-Jun-2026 13:15:13 Europe/Berlin] SMTP << 220-sh007.bigrock.com ESMTP Exim 4.99.4 #2 Wed, 03 Jun 2026 16:45:14 +0530
[03-Jun-2026 13:15:13 Europe/Berlin] SMTP << 220-We do not authorize the use of this system to transport unsolicited,
[03-Jun-2026 13:15:13 Europe/Berlin] SMTP << 220 and/or bulk e-mail.
[03-Jun-2026 13:15:13 Europe/Berlin] SMTP >> EHLO LAPTOP-LDCRSE06
[03-Jun-2026 13:15:14 Europe/Berlin] SMTP << 250-sh007.bigrock.com Hello LAPTOP-LDCRSE06 [183.82.198.210]
[03-Jun-2026 13:15:14 Europe/Berlin] SMTP << 250-SIZE 52428800
[03-Jun-2026 13:15:14 Europe/Berlin] SMTP << 250-LIMITS MAILMAX=50 RCPTMAX=50000
[03-Jun-2026 13:15:14 Europe/Berlin] SMTP << 250-8BITMIME
[03-Jun-2026 13:15:14 Europe/Berlin] SMTP << 250-PIPELINING
[03-Jun-2026 13:15:14 Europe/Berlin] SMTP << 250-PIPECONNECT
[03-Jun-2026 13:15:14 Europe/Berlin] SMTP << 250-AUTH PLAIN LOGIN
[03-Jun-2026 13:15:14 Europe/Berlin] SMTP << 250 HELP
[03-Jun-2026 13:15:14 Europe/Berlin] SMTP >> AUTH LOGIN
[03-Jun-2026 13:15:15 Europe/Berlin] SMTP << 334 VXNlcm5hbWU6
[03-Jun-2026 13:15:15 Europe/Berlin] SMTP >> [base64-redacted]
[03-Jun-2026 13:15:15 Europe/Berlin] SMTP << 334 UGFzc3dvcmQ6
[03-Jun-2026 13:15:15 Europe/Berlin] SMTP >> [base64-redacted]
[03-Jun-2026 13:15:15 Europe/Berlin] SMTP << 235 Authentication succeeded
[03-Jun-2026 13:15:15 Europe/Berlin] SMTP >> MAIL FROM:<support@uxpacific.com>
[03-Jun-2026 13:15:16 Europe/Berlin] SMTP << 250 OK
[03-Jun-2026 13:15:16 Europe/Berlin] SMTP >> RCPT TO:<hello@uxpacific.com>
[03-Jun-2026 13:15:16 Europe/Berlin] SMTP << 550 No Such User Here
[03-Jun-2026 13:15:16 Europe/Berlin] Mailer SMTP error: SMTP expected 25, got: 550 No Such User Here
[03-Jun-2026 13:15:42 Europe/Berlin] SMTP << 220-sh007.bigrock.com ESMTP Exim 4.99.4 #2 Wed, 03 Jun 2026 16:45:43 +0530
[03-Jun-2026 13:15:42 Europe/Berlin] SMTP << 220-We do not authorize the use of this system to transport unsolicited,
[03-Jun-2026 13:15:42 Europe/Berlin] SMTP << 220 and/or bulk e-mail.
[03-Jun-2026 13:15:42 Europe/Berlin] SMTP >> EHLO LAPTOP-LDCRSE06
[03-Jun-2026 13:15:43 Europe/Berlin] SMTP << 250-sh007.bigrock.com Hello LAPTOP-LDCRSE06 [183.82.198.210]
[03-Jun-2026 13:15:43 Europe/Berlin] SMTP << 250-SIZE 52428800
[03-Jun-2026 13:15:43 Europe/Berlin] SMTP << 250-LIMITS MAILMAX=50 RCPTMAX=50000
[03-Jun-2026 13:15:43 Europe/Berlin] SMTP << 250-8BITMIME
[03-Jun-2026 13:15:43 Europe/Berlin] SMTP << 250-PIPELINING
[03-Jun-2026 13:15:43 Europe/Berlin] SMTP << 250-PIPECONNECT
[03-Jun-2026 13:15:43 Europe/Berlin] SMTP << 250-AUTH PLAIN LOGIN
[03-Jun-2026 13:15:43 Europe/Berlin] SMTP << 250 HELP
[03-Jun-2026 13:15:43 Europe/Berlin] SMTP >> AUTH LOGIN
[03-Jun-2026 13:15:43 Europe/Berlin] SMTP << 334 VXNlcm5hbWU6
[03-Jun-2026 13:15:43 Europe/Berlin] SMTP >> [base64-redacted]
[03-Jun-2026 13:15:43 Europe/Berlin] SMTP << 334 UGFzc3dvcmQ6
[03-Jun-2026 13:15:43 Europe/Berlin] SMTP >> [base64-redacted]
[03-Jun-2026 13:15:44 Europe/Berlin] SMTP << 235 Authentication succeeded
[03-Jun-2026 13:15:44 Europe/Berlin] SMTP >> MAIL FROM:<support@uxpacific.com>
[03-Jun-2026 13:15:44 Europe/Berlin] SMTP << 250 OK
[03-Jun-2026 13:15:44 Europe/Berlin] SMTP >> RCPT TO:<qa.codex.1780485341225@example.com>
[03-Jun-2026 13:15:45 Europe/Berlin] SMTP << 550 "Sorry, you are sending to/from an address that has been blacklisted"
[03-Jun-2026 13:15:45 Europe/Berlin] Mailer SMTP error: SMTP expected 25, got: 550 "Sorry, you are sending to/from an address that has been blacklisted"
[03-Jun-2026 13:15:46 Europe/Berlin] SMTP << 220-sh007.bigrock.com ESMTP Exim 4.99.4 #2 Wed, 03 Jun 2026 16:45:47 +0530
[03-Jun-2026 13:15:46 Europe/Berlin] SMTP << 220-We do not authorize the use of this system to transport unsolicited,
[03-Jun-2026 13:15:46 Europe/Berlin] SMTP << 220 and/or bulk e-mail.
[03-Jun-2026 13:15:46 Europe/Berlin] SMTP >> EHLO LAPTOP-LDCRSE06
[03-Jun-2026 13:15:47 Europe/Berlin] SMTP << 250-sh007.bigrock.com Hello LAPTOP-LDCRSE06 [183.82.198.210]
[03-Jun-2026 13:15:47 Europe/Berlin] SMTP << 250-SIZE 52428800
[03-Jun-2026 13:15:47 Europe/Berlin] SMTP << 250-LIMITS MAILMAX=50 RCPTMAX=50000
[03-Jun-2026 13:15:47 Europe/Berlin] SMTP << 250-8BITMIME
[03-Jun-2026 13:15:47 Europe/Berlin] SMTP << 250-PIPELINING
[03-Jun-2026 13:15:47 Europe/Berlin] SMTP << 250-PIPECONNECT
[03-Jun-2026 13:15:47 Europe/Berlin] SMTP << 250-AUTH PLAIN LOGIN
[03-Jun-2026 13:15:47 Europe/Berlin] SMTP << 250 HELP
[03-Jun-2026 13:15:47 Europe/Berlin] SMTP >> AUTH LOGIN
[03-Jun-2026 13:15:47 Europe/Berlin] SMTP << 334 VXNlcm5hbWU6
[03-Jun-2026 13:15:47 Europe/Berlin] SMTP >> [base64-redacted]
[03-Jun-2026 13:15:47 Europe/Berlin] SMTP << 334 UGFzc3dvcmQ6
[03-Jun-2026 13:15:47 Europe/Berlin] SMTP >> [base64-redacted]
[03-Jun-2026 13:15:48 Europe/Berlin] SMTP << 235 Authentication succeeded
[03-Jun-2026 13:15:48 Europe/Berlin] SMTP >> MAIL FROM:<support@uxpacific.com>
[03-Jun-2026 13:15:48 Europe/Berlin] SMTP << 250 OK
[03-Jun-2026 13:15:48 Europe/Berlin] SMTP >> RCPT TO:<qa.codex.1780485341225@example.com>
[03-Jun-2026 13:15:48 Europe/Berlin] SMTP << 550 "Sorry, you are sending to/from an address that has been blacklisted"
[03-Jun-2026 13:15:48 Europe/Berlin] Mailer SMTP error: SMTP expected 25, got: 550 "Sorry, you are sending to/from an address that has been blacklisted"
[03-Jun-2026 13:15:50 Europe/Berlin] SMTP << 220-sh007.bigrock.com ESMTP Exim 4.99.4 #2 Wed, 03 Jun 2026 16:45:50 +0530
[03-Jun-2026 13:15:50 Europe/Berlin] SMTP << 220-We do not authorize the use of this system to transport unsolicited,
[03-Jun-2026 13:15:50 Europe/Berlin] SMTP << 220 and/or bulk e-mail.
[03-Jun-2026 13:15:50 Europe/Berlin] SMTP >> EHLO LAPTOP-LDCRSE06
[03-Jun-2026 13:15:50 Europe/Berlin] SMTP << 250-sh007.bigrock.com Hello LAPTOP-LDCRSE06 [183.82.198.210]
[03-Jun-2026 13:15:50 Europe/Berlin] SMTP << 250-SIZE 52428800
[03-Jun-2026 13:15:50 Europe/Berlin] SMTP << 250-LIMITS MAILMAX=50 RCPTMAX=50000
[03-Jun-2026 13:15:50 Europe/Berlin] SMTP << 250-8BITMIME
[03-Jun-2026 13:15:50 Europe/Berlin] SMTP << 250-PIPELINING
[03-Jun-2026 13:15:50 Europe/Berlin] SMTP << 250-PIPECONNECT
[03-Jun-2026 13:15:50 Europe/Berlin] SMTP << 250-AUTH PLAIN LOGIN
[03-Jun-2026 13:15:50 Europe/Berlin] SMTP << 250 HELP
[03-Jun-2026 13:15:50 Europe/Berlin] SMTP >> AUTH LOGIN
[03-Jun-2026 13:15:50 Europe/Berlin] SMTP << 334 VXNlcm5hbWU6
[03-Jun-2026 13:15:50 Europe/Berlin] SMTP >> [base64-redacted]
[03-Jun-2026 13:15:51 Europe/Berlin] SMTP << 334 UGFzc3dvcmQ6
[03-Jun-2026 13:15:51 Europe/Berlin] SMTP >> [base64-redacted]
[03-Jun-2026 13:15:51 Europe/Berlin] SMTP << 235 Authentication succeeded
[03-Jun-2026 13:15:51 Europe/Berlin] SMTP >> MAIL FROM:<support@uxpacific.com>
[03-Jun-2026 13:15:52 Europe/Berlin] SMTP << 250 OK
[03-Jun-2026 13:15:52 Europe/Berlin] SMTP >> RCPT TO:<qa.codex.1780485341225@example.com>
[03-Jun-2026 13:15:53 Europe/Berlin] SMTP << 550 "Sorry, you are sending to/from an address that has been blacklisted"
[03-Jun-2026 13:15:53 Europe/Berlin] Mailer SMTP error: SMTP expected 25, got: 550 "Sorry, you are sending to/from an address that has been blacklisted"
[03-Jun-2026 13:15:56 Europe/Berlin] SMTP << 220-sh007.bigrock.com ESMTP Exim 4.99.4 #2 Wed, 03 Jun 2026 16:45:56 +0530
[03-Jun-2026 13:15:56 Europe/Berlin] SMTP << 220-We do not authorize the use of this system to transport unsolicited,
[03-Jun-2026 13:15:56 Europe/Berlin] SMTP << 220 and/or bulk e-mail.
[03-Jun-2026 13:15:56 Europe/Berlin] SMTP >> EHLO LAPTOP-LDCRSE06
[03-Jun-2026 13:15:56 Europe/Berlin] SMTP << 250-sh007.bigrock.com Hello LAPTOP-LDCRSE06 [183.82.198.210]
[03-Jun-2026 13:15:56 Europe/Berlin] SMTP << 250-SIZE 52428800
[03-Jun-2026 13:15:56 Europe/Berlin] SMTP << 250-LIMITS MAILMAX=50 RCPTMAX=50000
[03-Jun-2026 13:15:56 Europe/Berlin] SMTP << 250-8BITMIME
[03-Jun-2026 13:15:56 Europe/Berlin] SMTP << 250-PIPELINING
[03-Jun-2026 13:15:56 Europe/Berlin] SMTP << 250-PIPECONNECT
[03-Jun-2026 13:15:56 Europe/Berlin] SMTP << 250-AUTH PLAIN LOGIN
[03-Jun-2026 13:15:56 Europe/Berlin] SMTP << 250 HELP
[03-Jun-2026 13:15:56 Europe/Berlin] SMTP >> AUTH LOGIN
[03-Jun-2026 13:15:57 Europe/Berlin] SMTP << 334 VXNlcm5hbWU6
[03-Jun-2026 13:15:57 Europe/Berlin] SMTP >> [base64-redacted]
[03-Jun-2026 13:15:58 Europe/Berlin] SMTP << 334 UGFzc3dvcmQ6
[03-Jun-2026 13:15:58 Europe/Berlin] SMTP >> [base64-redacted]
[03-Jun-2026 13:15:58 Europe/Berlin] SMTP << 235 Authentication succeeded
[03-Jun-2026 13:15:58 Europe/Berlin] SMTP >> MAIL FROM:<support@uxpacific.com>
[03-Jun-2026 13:15:58 Europe/Berlin] SMTP << 250 OK
[03-Jun-2026 13:15:58 Europe/Berlin] SMTP >> RCPT TO:<hello@uxpacific.com>
[03-Jun-2026 13:15:59 Europe/Berlin] SMTP << 550 No Such User Here
[03-Jun-2026 13:15:59 Europe/Berlin] Mailer SMTP error: SMTP expected 25, got: 550 No Such User Here
[03-Jun-2026 13:16:00 Europe/Berlin] SMTP << 220-sh007.bigrock.com ESMTP Exim 4.99.4 #2 Wed, 03 Jun 2026 16:46:01 +0530
[03-Jun-2026 13:16:00 Europe/Berlin] SMTP << 220-We do not authorize the use of this system to transport unsolicited,
[03-Jun-2026 13:16:00 Europe/Berlin] SMTP << 220 and/or bulk e-mail.
[03-Jun-2026 13:16:00 Europe/Berlin] SMTP >> EHLO LAPTOP-LDCRSE06
[03-Jun-2026 13:16:00 Europe/Berlin] SMTP << 250-sh007.bigrock.com Hello LAPTOP-LDCRSE06 [183.82.198.210]
[03-Jun-2026 13:16:00 Europe/Berlin] SMTP << 250-SIZE 52428800
[03-Jun-2026 13:16:00 Europe/Berlin] SMTP << 250-LIMITS MAILMAX=50 RCPTMAX=50000
[03-Jun-2026 13:16:00 Europe/Berlin] SMTP << 250-8BITMIME
[03-Jun-2026 13:16:00 Europe/Berlin] SMTP << 250-PIPELINING
[03-Jun-2026 13:16:00 Europe/Berlin] SMTP << 250-PIPECONNECT
[03-Jun-2026 13:16:00 Europe/Berlin] SMTP << 250-AUTH PLAIN LOGIN
[03-Jun-2026 13:16:00 Europe/Berlin] SMTP << 250 HELP
[03-Jun-2026 13:16:00 Europe/Berlin] SMTP >> AUTH LOGIN
[03-Jun-2026 13:16:01 Europe/Berlin] SMTP << 334 VXNlcm5hbWU6
[03-Jun-2026 13:16:01 Europe/Berlin] SMTP >> [base64-redacted]
[03-Jun-2026 13:16:01 Europe/Berlin] SMTP << 334 UGFzc3dvcmQ6
[03-Jun-2026 13:16:01 Europe/Berlin] SMTP >> [base64-redacted]
[03-Jun-2026 13:16:02 Europe/Berlin] SMTP << 235 Authentication succeeded
[03-Jun-2026 13:16:02 Europe/Berlin] SMTP >> MAIL FROM:<support@uxpacific.com>
[03-Jun-2026 13:16:02 Europe/Berlin] SMTP << 250 OK
[03-Jun-2026 13:16:02 Europe/Berlin] SMTP >> RCPT TO:<hello@uxpacific.com>
[03-Jun-2026 13:16:02 Europe/Berlin] SMTP << 550 No Such User Here
[03-Jun-2026 13:16:02 Europe/Berlin] Mailer SMTP error: SMTP expected 25, got: 550 No Such User Here
[03-Jun-2026 13:16:55 Europe/Berlin] SMTP << 220-sh007.bigrock.com ESMTP Exim 4.99.4 #2 Wed, 03 Jun 2026 16:46:56 +0530
[03-Jun-2026 13:16:55 Europe/Berlin] SMTP << 220-We do not authorize the use of this system to transport unsolicited,
[03-Jun-2026 13:16:55 Europe/Berlin] SMTP << 220 and/or bulk e-mail.
[03-Jun-2026 13:16:55 Europe/Berlin] SMTP >> EHLO LAPTOP-LDCRSE06
[03-Jun-2026 13:16:56 Europe/Berlin] SMTP << 250-sh007.bigrock.com Hello LAPTOP-LDCRSE06 [183.82.198.210]
[03-Jun-2026 13:16:56 Europe/Berlin] SMTP << 250-SIZE 52428800
[03-Jun-2026 13:16:56 Europe/Berlin] SMTP << 250-LIMITS MAILMAX=50 RCPTMAX=50000
[03-Jun-2026 13:16:56 Europe/Berlin] SMTP << 250-8BITMIME
[03-Jun-2026 13:16:56 Europe/Berlin] SMTP << 250-PIPELINING
[03-Jun-2026 13:16:56 Europe/Berlin] SMTP << 250-PIPECONNECT
[03-Jun-2026 13:16:56 Europe/Berlin] SMTP << 250-AUTH PLAIN LOGIN
[03-Jun-2026 13:16:56 Europe/Berlin] SMTP << 250 HELP
[03-Jun-2026 13:16:56 Europe/Berlin] SMTP >> AUTH LOGIN
[03-Jun-2026 13:16:57 Europe/Berlin] SMTP << 334 VXNlcm5hbWU6
[03-Jun-2026 13:16:57 Europe/Berlin] SMTP >> [base64-redacted]
[03-Jun-2026 13:16:57 Europe/Berlin] SMTP << 334 UGFzc3dvcmQ6
[03-Jun-2026 13:16:57 Europe/Berlin] SMTP >> [base64-redacted]
[03-Jun-2026 13:16:57 Europe/Berlin] SMTP << 235 Authentication succeeded
[03-Jun-2026 13:16:57 Europe/Berlin] SMTP >> MAIL FROM:<support@uxpacific.com>
[03-Jun-2026 13:16:58 Europe/Berlin] SMTP << 250 OK
[03-Jun-2026 13:16:58 Europe/Berlin] SMTP >> RCPT TO:<qa.codex.phys.1780485413966@example.com>
[03-Jun-2026 13:16:58 Europe/Berlin] SMTP << 550 "Sorry, you are sending to/from an address that has been blacklisted"
[03-Jun-2026 13:16:58 Europe/Berlin] Mailer SMTP error: SMTP expected 25, got: 550 "Sorry, you are sending to/from an address that has been blacklisted"
[03-Jun-2026 13:20:26 Europe/Berlin] SMTP << 220-sh007.bigrock.com ESMTP Exim 4.99.4 #2 Wed, 03 Jun 2026 16:50:26 +0530
[03-Jun-2026 13:20:26 Europe/Berlin] SMTP << 220-We do not authorize the use of this system to transport unsolicited,
[03-Jun-2026 13:20:26 Europe/Berlin] SMTP << 220 and/or bulk e-mail.
[03-Jun-2026 13:20:26 Europe/Berlin] SMTP >> EHLO LAPTOP-LDCRSE06
[03-Jun-2026 13:20:26 Europe/Berlin] SMTP << 250-sh007.bigrock.com Hello LAPTOP-LDCRSE06 [183.82.198.210]
[03-Jun-2026 13:20:26 Europe/Berlin] SMTP << 250-SIZE 52428800
[03-Jun-2026 13:20:26 Europe/Berlin] SMTP << 250-LIMITS MAILMAX=50 RCPTMAX=50000
[03-Jun-2026 13:20:26 Europe/Berlin] SMTP << 250-8BITMIME
[03-Jun-2026 13:20:26 Europe/Berlin] SMTP << 250-PIPELINING
[03-Jun-2026 13:20:26 Europe/Berlin] SMTP << 250-PIPECONNECT
[03-Jun-2026 13:20:26 Europe/Berlin] SMTP << 250-AUTH PLAIN LOGIN
[03-Jun-2026 13:20:26 Europe/Berlin] SMTP << 250 HELP
[03-Jun-2026 13:20:26 Europe/Berlin] SMTP >> AUTH LOGIN
[03-Jun-2026 13:20:26 Europe/Berlin] SMTP << 334 VXNlcm5hbWU6
[03-Jun-2026 13:20:26 Europe/Berlin] SMTP >> [base64-redacted]
[03-Jun-2026 13:20:27 Europe/Berlin] SMTP << 334 UGFzc3dvcmQ6
[03-Jun-2026 13:20:27 Europe/Berlin] SMTP >> [base64-redacted]
[03-Jun-2026 13:20:29 Europe/Berlin] SMTP << 235 Authentication succeeded
[03-Jun-2026 13:20:29 Europe/Berlin] SMTP >> MAIL FROM:<support@uxpacific.com>
[03-Jun-2026 13:20:29 Europe/Berlin] SMTP << 250 OK
[03-Jun-2026 13:20:29 Europe/Berlin] SMTP >> RCPT TO:<qa.codex.final.1780485623476@example.com>
[03-Jun-2026 13:20:29 Europe/Berlin] SMTP << 550 "Sorry, you are sending to/from an address that has been blacklisted"
[03-Jun-2026 13:20:29 Europe/Berlin] Mailer SMTP error: SMTP expected 25, got: 550 "Sorry, you are sending to/from an address that has been blacklisted"
[03-Jun-2026 13:20:33 Europe/Berlin] SMTP << 220-sh007.bigrock.com ESMTP Exim 4.99.4 #2 Wed, 03 Jun 2026 16:50:32 +0530
[03-Jun-2026 13:20:33 Europe/Berlin] SMTP << 220-We do not authorize the use of this system to transport unsolicited,
[03-Jun-2026 13:20:33 Europe/Berlin] SMTP << 220 and/or bulk e-mail.
[03-Jun-2026 13:20:33 Europe/Berlin] SMTP >> EHLO LAPTOP-LDCRSE06
[03-Jun-2026 13:20:33 Europe/Berlin] SMTP << 250-sh007.bigrock.com Hello LAPTOP-LDCRSE06 [183.82.198.210]
[03-Jun-2026 13:20:33 Europe/Berlin] SMTP << 250-SIZE 52428800
[03-Jun-2026 13:20:33 Europe/Berlin] SMTP << 250-LIMITS MAILMAX=50 RCPTMAX=50000
[03-Jun-2026 13:20:33 Europe/Berlin] SMTP << 250-8BITMIME
[03-Jun-2026 13:20:33 Europe/Berlin] SMTP << 250-PIPELINING
[03-Jun-2026 13:20:33 Europe/Berlin] SMTP << 250-PIPECONNECT
[03-Jun-2026 13:20:33 Europe/Berlin] SMTP << 250-AUTH PLAIN LOGIN
[03-Jun-2026 13:20:33 Europe/Berlin] SMTP << 250 HELP
[03-Jun-2026 13:20:33 Europe/Berlin] SMTP >> AUTH LOGIN
[03-Jun-2026 13:20:35 Europe/Berlin] SMTP << 334 VXNlcm5hbWU6
[03-Jun-2026 13:20:35 Europe/Berlin] SMTP >> [base64-redacted]
[03-Jun-2026 13:20:35 Europe/Berlin] SMTP << 334 UGFzc3dvcmQ6
[03-Jun-2026 13:20:35 Europe/Berlin] SMTP >> [base64-redacted]
[03-Jun-2026 13:20:43 Europe/Berlin] SMTP << 235 Authentication succeeded
[03-Jun-2026 13:20:43 Europe/Berlin] SMTP >> MAIL FROM:<support@uxpacific.com>
[03-Jun-2026 13:20:44 Europe/Berlin] SMTP << 250 OK
[03-Jun-2026 13:20:44 Europe/Berlin] SMTP >> RCPT TO:<qa.codex.final.1780485623476@example.com>
[03-Jun-2026 13:20:44 Europe/Berlin] SMTP << 550 "Sorry, you are sending to/from an address that has been blacklisted"
[03-Jun-2026 13:20:44 Europe/Berlin] Mailer SMTP error: SMTP expected 25, got: 550 "Sorry, you are sending to/from an address that has been blacklisted"
[03-Jun-2026 13:20:52 Europe/Berlin] SMTP << 220-sh007.bigrock.com ESMTP Exim 4.99.4 #2 Wed, 03 Jun 2026 16:50:52 +0530
[03-Jun-2026 13:20:52 Europe/Berlin] SMTP << 220-We do not authorize the use of this system to transport unsolicited,
[03-Jun-2026 13:20:52 Europe/Berlin] SMTP << 220 and/or bulk e-mail.
[03-Jun-2026 13:20:52 Europe/Berlin] SMTP >> EHLO LAPTOP-LDCRSE06
[03-Jun-2026 13:20:52 Europe/Berlin] SMTP << 250-sh007.bigrock.com Hello LAPTOP-LDCRSE06 [183.82.198.210]
[03-Jun-2026 13:20:52 Europe/Berlin] SMTP << 250-SIZE 52428800
[03-Jun-2026 13:20:52 Europe/Berlin] SMTP << 250-LIMITS MAILMAX=50 RCPTMAX=50000
[03-Jun-2026 13:20:52 Europe/Berlin] SMTP << 250-8BITMIME
[03-Jun-2026 13:20:52 Europe/Berlin] SMTP << 250-PIPELINING
[03-Jun-2026 13:20:52 Europe/Berlin] SMTP << 250-PIPECONNECT
[03-Jun-2026 13:20:52 Europe/Berlin] SMTP << 250-AUTH PLAIN LOGIN
[03-Jun-2026 13:20:52 Europe/Berlin] SMTP << 250 HELP
[03-Jun-2026 13:20:52 Europe/Berlin] SMTP >> AUTH LOGIN
[03-Jun-2026 13:20:53 Europe/Berlin] SMTP << 334 VXNlcm5hbWU6
[03-Jun-2026 13:20:53 Europe/Berlin] SMTP >> [base64-redacted]
[03-Jun-2026 13:20:53 Europe/Berlin] SMTP << 334 UGFzc3dvcmQ6
[03-Jun-2026 13:20:53 Europe/Berlin] SMTP >> [base64-redacted]
[03-Jun-2026 13:20:53 Europe/Berlin] SMTP << 235 Authentication succeeded
[03-Jun-2026 13:20:53 Europe/Berlin] SMTP >> MAIL FROM:<support@uxpacific.com>
[03-Jun-2026 13:20:55 Europe/Berlin] SMTP << 250 OK
[03-Jun-2026 13:20:55 Europe/Berlin] SMTP >> RCPT TO:<qa.codex.final.1780485623476@example.com>
[03-Jun-2026 13:20:55 Europe/Berlin] SMTP << 550 "Sorry, you are sending to/from an address that has been blacklisted"
[03-Jun-2026 13:20:55 Europe/Berlin] Mailer SMTP error: SMTP expected 25, got: 550 "Sorry, you are sending to/from an address that has been blacklisted"
[03-Jun-2026 13:20:59 Europe/Berlin] SMTP << 220-sh007.bigrock.com ESMTP Exim 4.99.4 #2 Wed, 03 Jun 2026 16:50:59 +0530
[03-Jun-2026 13:20:59 Europe/Berlin] SMTP << 220-We do not authorize the use of this system to transport unsolicited,
[03-Jun-2026 13:20:59 Europe/Berlin] SMTP << 220 and/or bulk e-mail.
[03-Jun-2026 13:20:59 Europe/Berlin] SMTP >> EHLO LAPTOP-LDCRSE06
[03-Jun-2026 13:20:59 Europe/Berlin] SMTP << 250-sh007.bigrock.com Hello LAPTOP-LDCRSE06 [183.82.198.210]
[03-Jun-2026 13:20:59 Europe/Berlin] SMTP << 250-SIZE 52428800
[03-Jun-2026 13:20:59 Europe/Berlin] SMTP << 250-LIMITS MAILMAX=50 RCPTMAX=50000
[03-Jun-2026 13:20:59 Europe/Berlin] SMTP << 250-8BITMIME
[03-Jun-2026 13:20:59 Europe/Berlin] SMTP << 250-PIPELINING
[03-Jun-2026 13:20:59 Europe/Berlin] SMTP << 250-PIPECONNECT
[03-Jun-2026 13:20:59 Europe/Berlin] SMTP << 250-AUTH PLAIN LOGIN
[03-Jun-2026 13:20:59 Europe/Berlin] SMTP << 250 HELP
[03-Jun-2026 13:20:59 Europe/Berlin] SMTP >> AUTH LOGIN
[03-Jun-2026 13:20:59 Europe/Berlin] SMTP << 334 VXNlcm5hbWU6
[03-Jun-2026 13:20:59 Europe/Berlin] SMTP >> [base64-redacted]
[03-Jun-2026 13:21:00 Europe/Berlin] SMTP << 334 UGFzc3dvcmQ6
[03-Jun-2026 13:21:00 Europe/Berlin] SMTP >> [base64-redacted]
[03-Jun-2026 13:21:01 Europe/Berlin] SMTP << 235 Authentication succeeded
[03-Jun-2026 13:21:01 Europe/Berlin] SMTP >> MAIL FROM:<support@uxpacific.com>
[03-Jun-2026 13:21:02 Europe/Berlin] SMTP << 250 OK
[03-Jun-2026 13:21:02 Europe/Berlin] SMTP >> RCPT TO:<hello@uxpacific.com>
[03-Jun-2026 13:21:03 Europe/Berlin] SMTP << 550 No Such User Here
[03-Jun-2026 13:21:03 Europe/Berlin] Mailer SMTP error: SMTP expected 25, got: 550 No Such User Here
[03-Jun-2026 13:21:05 Europe/Berlin] SMTP << 220-sh007.bigrock.com ESMTP Exim 4.99.4 #2 Wed, 03 Jun 2026 16:51:06 +0530
[03-Jun-2026 13:21:05 Europe/Berlin] SMTP << 220-We do not authorize the use of this system to transport unsolicited,
[03-Jun-2026 13:21:05 Europe/Berlin] SMTP << 220 and/or bulk e-mail.
[03-Jun-2026 13:21:05 Europe/Berlin] SMTP >> EHLO LAPTOP-LDCRSE06
[03-Jun-2026 13:21:06 Europe/Berlin] SMTP << 250-sh007.bigrock.com Hello LAPTOP-LDCRSE06 [183.82.198.210]
[03-Jun-2026 13:21:06 Europe/Berlin] SMTP << 250-SIZE 52428800
[03-Jun-2026 13:21:06 Europe/Berlin] SMTP << 250-LIMITS MAILMAX=50 RCPTMAX=50000
[03-Jun-2026 13:21:06 Europe/Berlin] SMTP << 250-8BITMIME
[03-Jun-2026 13:21:06 Europe/Berlin] SMTP << 250-PIPELINING
[03-Jun-2026 13:21:06 Europe/Berlin] SMTP << 250-PIPECONNECT
[03-Jun-2026 13:21:06 Europe/Berlin] SMTP << 250-AUTH PLAIN LOGIN
[03-Jun-2026 13:21:06 Europe/Berlin] SMTP << 250 HELP
[03-Jun-2026 13:21:06 Europe/Berlin] SMTP >> AUTH LOGIN
[03-Jun-2026 13:21:07 Europe/Berlin] SMTP << 334 VXNlcm5hbWU6
[03-Jun-2026 13:21:07 Europe/Berlin] SMTP >> [base64-redacted]
[03-Jun-2026 13:21:07 Europe/Berlin] SMTP << 334 UGFzc3dvcmQ6
[03-Jun-2026 13:21:07 Europe/Berlin] SMTP >> [base64-redacted]
[03-Jun-2026 13:21:07 Europe/Berlin] SMTP << 235 Authentication succeeded
[03-Jun-2026 13:21:07 Europe/Berlin] SMTP >> MAIL FROM:<support@uxpacific.com>
[03-Jun-2026 13:21:08 Europe/Berlin] SMTP << 250 OK
[03-Jun-2026 13:21:08 Europe/Berlin] SMTP >> RCPT TO:<hello@uxpacific.com>
[03-Jun-2026 13:21:09 Europe/Berlin] SMTP << 550 No Such User Here
[03-Jun-2026 13:21:09 Europe/Berlin] Mailer SMTP error: SMTP expected 25, got: 550 No Such User Here
